epoch,time,train/box_loss,train/cls_loss,train/dfl_loss,metrics/precision(B),metrics/recall(B),metrics/mAP50(B),metrics/mAP50-95(B),val/box_loss,val/cls_loss,val/dfl_loss,lr/pg0,lr/pg1,lr/pg2
1,7.84615,2.08404,3.60153,0.97842,0,0,0,0,1.91471,3.61301,0.90246,0,0,0
2,8.39198,2.37043,3.58879,1.00067,0,0,0,0,1.90884,3.61101,0.9021,1.99604e-05,1.99604e-05,1.99604e-05
3,8.95201,2.21236,3.5655,0.95747,0,0,0,0,1.90293,3.6114,0.90052,3.98416e-05,3.98416e-05,3.98416e-05
4,9.53164,2.75364,3.67239,0.99476,0,0,0,0,1.89046,3.6074,0.89973,5.96436e-05,5.96436e-05,5.96436e-05
5,9.96703,2.20244,3.5643,0.9471,0,0,0,0,1.88871,3.60688,0.89874,7.93664e-05,7.93664e-05,7.93664e-05
6,10.6163,2.38024,3.62359,0.99951,0.03111,0.06651,0.01693,0.00724,1.8033,3.51724,0.84845,9.901e-05,9.901e-05,9.901e-05
7,11.2254,2.42034,3.47186,1.04182,0.06778,0.14489,0.04063,0.01611,1.90718,3.49872,0.83687,0.000118574,0.000118574,0.000118574
8,11.8568,1.85432,3.40796,0.89993,0.07778,0.16627,0.04793,0.01635,2.03769,3.49538,0.84373,0.00013806,0.00013806,0.00013806
9,12.456,2.33832,3.27708,0.93651,0.02778,0.05938,0.015,0.00557,2.12795,3.54086,0.8473,0.000157466,0.000157466,0.000157466
10,13.1341,2.36984,3.16754,0.92509,0.02778,0.05938,0.01497,0.00467,2.22726,3.54978,0.85233,0.000176792,0.000176792,0.000176792
11,13.9714,2.22965,3.02982,0.88414,0.07111,0.15202,0.04308,0.0133,2.15967,3.50764,0.84825,0.00019604,0.00019604,0.00019604
12,14.6383,2.28663,2.9886,0.90027,0.09333,0.19952,0.05942,0.02171,2.09564,3.46148,0.84859,0.000215208,0.000215208,0.000215208
13,15.2403,2.3657,2.93826,0.90332,0.09778,0.20903,0.06255,0.02153,2.15067,3.46305,0.85212,0.000234298,0.000234298,0.000234298
14,15.8022,2.1508,2.76936,0.87268,0.1,0.21378,0.06451,0.02139,2.14102,3.46275,0.85036,0.000253308,0.000253308,0.000253308
15,16.414,2.2954,2.78826,0.88254,0.11556,0.24703,0.07653,0.02466,2.1303,3.46374,0.84698,0.000272238,0.000272238,0.000272238
16,17.1018,2.28676,2.62785,0.86141,0.13111,0.28029,0.0908,0.03073,2.05332,3.45427,0.84189,0.00029109,0.00029109,0.00029109
17,17.9993,2.34764,2.56751,0.87393,0.15333,0.32779,0.11051,0.04144,1.87124,3.43761,0.82896,0.000309862,0.000309862,0.000309862
18,18.5656,2.08817,2.5013,0.86708,0.15333,0.32779,0.11051,0.04144,1.87124,3.43761,0.82896,0.000328556,0.000328556,0.000328556
19,19.5145,2.6371,2.60237,0.86796,0.14667,0.31354,0.10276,0.03589,1.78709,3.434,0.82267,0.00034717,0.00034717,0.00034717
20,21.4006,2.59895,2.57385,0.89096,0.14667,0.31354,0.10276,0.03589,1.78709,3.434,0.82267,0.000365704,0.000365704,0.000365704
21,23.1925,2.44921,2.57378,0.88044,0.16111,0.34442,0.1154,0.04248,1.75642,3.41316,0.82393,0.00038416,0.00038416,0.00038416
22,24.7325,2.2342,2.19381,0.85869,0.16111,0.34442,0.1154,0.04248,1.75642,3.41316,0.82393,0.000402536,0.000402536,0.000402536
23,26.4321,2.29279,2.14691,0.84749,0.14222,0.30404,0.09735,0.03281,1.79207,3.42004,0.82738,0.000420834,0.000420834,0.000420834
24,28.1965,2.30292,2.19822,0.86161,0.14222,0.30404,0.09735,0.03281,1.79207,3.42004,0.82738,0.000439052,0.000439052,0.000439052
25,29.8746,2.18183,2.24597,0.86005,0.12556,0.26841,0.08207,0.02492,1.93799,3.40146,0.83711,0.00045719,0.00045719,0.00045719
26,31.9841,2.26762,2.01841,0.8666,0.12556,0.26841,0.08207,0.02492,1.93799,3.40146,0.83711,0.00047525,0.00047525,0.00047525
27,33.7079,2.29084,2.14981,0.88097,0.11556,0.24703,0.07337,0.02567,2.219,3.3413,0.85856,0.00049323,0.00049323,0.00049323
28,35.2793,2.27265,1.93659,0.89638,0.11556,0.24703,0.07337,0.02567,2.219,3.3413,0.85856,0.000511132,0.000511132,0.000511132
29,37.4475,2.86397,2.21447,0.92785,0.09889,0.2114,0.06096,0.02253,2.19369,3.31151,0.85878,0.000528954,0.000528954,0.000528954
30,39.0973,2.6568,2.00007,0.8929,0.09889,0.2114,0.06096,0.02253,2.19369,3.31151,0.85878,0.000546696,0.000546696,0.000546696
31,41.4222,2.57112,1.93117,0.88567,0.09556,0.20428,0.05769,0.0194,1.9583,3.31119,0.84113,0.00056436,0.00056436,0.00056436
32,43.3404,2.18691,1.87013,0.86022,0.09556,0.20428,0.05769,0.0194,1.9583,3.31119,0.84113,0.000581944,0.000581944,0.000581944
33,44.9961,2.30711,1.79606,0.87741,0.04667,0.09976,0.02574,0.00885,1.89062,3.29767,0.83238,0.00059945,0.00059945,0.00059945
34,46.5026,2.25564,1.61343,0.87092,0.04667,0.09976,0.02574,0.00885,1.89062,3.29767,0.83238,0.000616876,0.000616876,0.000616876
35,48.1132,2.17269,1.64385,0.87057,0.02333,0.04988,0.01226,0.00606,2.14143,3.24562,0.85432,0.000634222,0.000634222,0.000634222
36,50.3231,2.36151,1.6336,0.87079,0.02333,0.04988,0.01226,0.00606,2.14143,3.24562,0.85432,0.00065149,0.00065149,0.00065149
37,51.9938,2.11791,1.50131,0.84888,0.01333,0.0285,0.00686,0.00386,2.21104,3.20679,0.86567,0.000668678,0.000668678,0.000668678
38,53.5123,2.42762,1.49801,0.8584,0.01333,0.0285,0.00686,0.00386,2.21104,3.20679,0.86567,0.000685788,0.000685788,0.000685788
39,55.3934,2.42745,1.58461,0.91042,0.01889,0.04038,0.00983,0.00522,1.92809,3.18992,0.83861,0.000702818,0.000702818,0.000702818
40,56.9113,2.51913,1.52589,0.84549,0.01889,0.04038,0.00983,0.00522,1.92809,3.18992,0.83861,0.000719768,0.000719768,0.000719768
41,58.5762,2.18312,1.343,0.84633,0.06556,0.14014,0.03771,0.01546,1.6992,3.16097,0.82042,0.00073664,0.00073664,0.00073664
42,60.0595,2.39123,1.35901,0.88295,0.06556,0.14014,0.03771,0.01546,1.6992,3.16097,0.82042,0.000753432,0.000753432,0.000753432
43,61.6854,2.46786,1.42169,0.89339,0.08889,0.19002,0.0532,0.02172,1.76057,3.12168,0.82584,0.000770146,0.000770146,0.000770146
44,63.3772,2.50451,1.3762,0.89937,0.08889,0.19002,0.0532,0.02172,1.76057,3.12168,0.82584,0.00078678,0.00078678,0.00078678
45,65.0368,2.05,1.15157,0.87553,0.08444,0.18052,0.04988,0.01663,1.95885,3.08984,0.84421,0.000803334,0.000803334,0.000803334
46,66.5396,2.35443,1.27512,0.86384,0.08444,0.18052,0.04988,0.01663,1.95885,3.08984,0.84421,0.00081981,0.00081981,0.00081981
47,68.1952,2.24478,1.27899,0.87765,0.10556,0.22565,0.06536,0.02112,1.84939,3.02551,0.83804,0.000836206,0.000836206,0.000836206
48,69.9194,2.23696,1.24254,0.87109,0.10556,0.22565,0.06536,0.02112,1.84939,3.02551,0.83804,0.000852524,0.000852524,0.000852524
49,71.5871,2.16532,1.24199,0.84373,0.13778,0.29454,0.0986,0.0384,1.75047,2.94444,0.83132,0.000868762,0.000868762,0.000868762
50,73.7291,2.21174,1.1708,0.84926,0.13778,0.29454,0.0986,0.0384,1.75047,2.94444,0.83132,0.00088492,0.00088492,0.00088492
51,75.4355,2.16829,1.13992,0.85197,0.21,0.44893,0.17582,0.08031,1.80743,2.87005,0.83125,0.000901,0.000901,0.000901
52,76.9586,2.71064,1.32289,0.89889,0.21,0.44893,0.17582,0.08031,1.80743,2.87005,0.83125,0.000917,0.000917,0.000917
53,77.6695,2.34788,1.1631,0.89117,0.21,0.44893,0.17582,0.08031,1.80743,2.87005,0.83125,0.000932922,0.000932922,0.000932922
54,78.3642,2.25622,1.17772,0.86796,0.23667,0.50594,0.20684,0.10466,1.73488,2.78726,0.82417,0.000948764,0.000948764,0.000948764
55,78.9534,2.06709,1.16594,0.85545,0.23667,0.50594,0.20684,0.10466,1.73488,2.78726,0.82417,0.000964526,0.000964526,0.000964526
56,79.5181,2.23415,1.26959,0.8772,0.23667,0.50594,0.20684,0.10466,1.73488,2.78726,0.82417,0.00098021,0.00098021,0.00098021
57,80.1208,2.17729,1.18129,0.88365,0.21,0.44893,0.17083,0.08196,1.89892,2.69934,0.84021,0.000995814,0.000995814,0.000995814
58,80.6893,2.30125,1.16433,0.8883,0.21,0.44893,0.17083,0.08196,1.89892,2.69934,0.84021,0.00101134,0.00101134,0.00101134
59,81.2734,2.24499,1.11186,0.86245,0.21,0.44893,0.17083,0.08196,1.89892,2.69934,0.84021,0.00102679,0.00102679,0.00102679
60,81.8405,2.13895,1.11862,0.87242,0.23444,0.50119,0.20755,0.08631,2.15936,2.60555,0.86997,0.00104215,0.00104215,0.00104215
61,82.3954,2.23585,1.21562,0.88232,0.23444,0.50119,0.20755,0.08631,2.15936,2.60555,0.86997,0.00105744,0.00105744,0.00105744
62,82.9287,2.49163,1.21161,0.85359,0.23444,0.50119,0.20755,0.08631,2.15936,2.60555,0.86997,0.00107265,0.00107265,0.00107265
63,83.723,2.37472,1.19571,0.89758,0.25556,0.54632,0.25306,0.1015,2.19061,2.60494,0.8659,0.00108778,0.00108778,0.00108778
64,84.3269,2.05329,1.23654,0.85761,0.25556,0.54632,0.25306,0.1015,2.19061,2.60494,0.8659,0.00110283,0.00110283,0.00110283
65,84.8661,2.45895,1.21713,0.85719,0.25556,0.54632,0.25306,0.1015,2.19061,2.60494,0.8659,0.0011178,0.0011178,0.0011178
66,85.4398,1.91151,1.09246,0.85086,0.24333,0.52019,0.24619,0.10545,2.01464,2.61934,0.85408,0.00113269,0.00113269,0.00113269
67,85.9974,2.04629,1.16076,0.84203,0.24333,0.52019,0.24619,0.10545,2.01464,2.61934,0.85408,0.0011475,0.0011475,0.0011475
68,86.613,2.30123,1.13726,0.84586,0.24333,0.52019,0.24619,0.10545,2.01464,2.61934,0.85408,0.00116224,0.00116224,0.00116224
69,87.1928,2.46888,1.18017,0.91753,0.20222,0.4323,0.21175,0.09097,1.8252,2.6468,0.84733,0.00117689,0.00117689,0.00117689
70,87.7142,2.28118,1.23463,0.86681,0.20222,0.4323,0.21175,0.09097,1.8252,2.6468,0.84733,0.00119146,0.00119146,0.00119146
71,88.2675,1.92903,1.0379,0.8653,0.20222,0.4323,0.21175,0.09097,1.8252,2.6468,0.84733,0.00120596,0.00120596,0.00120596
72,88.9526,1.93317,1.10268,0.85057,0.23889,0.51069,0.29288,0.11902,1.93808,2.53414,0.8485,0.00122038,0.00122038,0.00122038
73,89.5112,2.28178,1.16665,0.87037,0.23889,0.51069,0.29288,0.11902,1.93808,2.53414,0.8485,0.00123471,0.00123471,0.00123471
74,90.03,2.21579,1.13235,0.86851,0.23889,0.51069,0.29288,0.11902,1.93808,2.53414,0.8485,0.00124897,0.00124897,0.00124897
75,90.59,2.19321,1.0919,0.87078,0.23444,0.50119,0.28857,0.10564,2.12729,2.44378,0.86141,0.00126315,0.00126315,0.00126315
76,91.1153,2.01283,1.04323,0.86548,0.23444,0.50119,0.28857,0.10564,2.12729,2.44378,0.86141,0.00127725,0.00127725,0.00127725
77,91.873,2.12436,1.14409,0.90037,0.23444,0.50119,0.28857,0.10564,2.12729,2.44378,0.86141,0.00129127,0.00129127,0.00129127
78,92.5036,2.08165,1.08383,0.8671,0.30778,0.65796,0.46502,0.19145,2.01545,2.25261,0.85237,0.00130521,0.00130521,0.00130521
79,93.1788,2.16464,1.16707,0.88056,0.30778,0.65796,0.46502,0.19145,2.01545,2.25261,0.85237,0.00131907,0.00131907,0.00131907
80,93.7576,1.98885,1.01516,0.84088,0.30778,0.65796,0.46502,0.19145,2.01545,2.25261,0.85237,0.00133286,0.00133286,0.00133286
81,94.3047,1.6432,0.96916,0.84562,0.33556,0.71734,0.57355,0.21993,2.12427,2.181,0.85988,0.00134656,0.00134656,0.00134656
82,94.8904,2.16328,1.1247,0.86033,0.33556,0.71734,0.57355,0.21993,2.12427,2.181,0.85988,0.00136018,0.00136018,0.00136018
83,95.4336,2.14786,1.11212,0.85358,0.33556,0.71734,0.57355,0.21993,2.12427,2.181,0.85988,0.00137373,0.00137373,0.00137373
84,96.2407,2.29394,1.09507,0.85129,0.36,0.7696,0.63307,0.28489,1.92264,2.08137,0.84321,0.0013872,0.0013872,0.0013872
85,96.8292,2.10673,1.08978,0.90001,0.36,0.7696,0.63307,0.28489,1.92264,2.08137,0.84321,0.00140058,0.00140058,0.00140058
86,97.515,2.06208,1.04333,0.84108,0.36,0.7696,0.63307,0.28489,1.92264,2.08137,0.84321,0.00141389,0.00141389,0.00141389
87,98.0974,1.99794,1.04518,0.84994,0.36,0.7696,0.63307,0.28489,1.92264,2.08137,0.84321,0.00142712,0.00142712,0.00142712
88,98.6612,2.1051,1.10216,0.8705,0.37444,0.80048,0.68086,0.333,1.85604,1.93327,0.8383,0.00144027,0.00144027,0.00144027
89,99.1793,1.95062,1.00281,0.86024,0.37444,0.80048,0.68086,0.333,1.85604,1.93327,0.8383,0.00145334,0.00145334,0.00145334
90,99.7517,2.11215,1.03817,0.82702,0.37444,0.80048,0.68086,0.333,1.85604,1.93327,0.8383,0.00146633,0.00146633,0.00146633
91,100.363,1.90711,0.98981,0.85312,0.37444,0.80048,0.68086,0.333,1.85604,1.93327,0.8383,0.00147924,0.00147924,0.00147924
92,100.929,1.95562,0.97753,0.85792,0.40111,0.85748,0.6969,0.32158,1.84849,1.71018,0.84009,0.00149207,0.00149207,0.00149207
93,101.479,2.07114,1.06588,0.87765,0.40111,0.85748,0.6969,0.32158,1.84849,1.71018,0.84009,0.00150483,0.00150483,0.00150483
94,102.197,2.09988,1.01976,0.85015,0.40111,0.85748,0.6969,0.32158,1.84849,1.71018,0.84009,0.0015175,0.0015175,0.0015175
95,102.75,1.90988,0.95796,0.84128,0.40111,0.85748,0.6969,0.32158,1.84849,1.71018,0.84009,0.00153009,0.00153009,0.00153009
96,103.334,2.34434,1.12237,0.88373,0.58547,0.84323,0.70765,0.30925,1.90626,1.56069,0.84524,0.00154261,0.00154261,0.00154261
97,103.907,1.84748,1.03018,0.88476,0.58547,0.84323,0.70765,0.30925,1.90626,1.56069,0.84524,0.00155505,0.00155505,0.00155505
98,104.436,1.94473,1.00927,0.84743,0.58547,0.84323,0.70765,0.30925,1.90626,1.56069,0.84524,0.0015674,0.0015674,0.0015674
99,105.168,1.96452,1.02454,0.87456,0.58547,0.84323,0.70765,0.30925,1.90626,1.56069,0.84524,0.00157968,0.00157968,0.00157968
100,105.748,2.17996,1.07089,0.84188,0.38556,0.82423,0.68666,0.33603,1.82046,1.6266,0.84161,0.00159188,0.00159188,0.00159188
101,106.312,2.10834,1.05115,0.8483,0.38556,0.82423,0.68666,0.33603,1.82046,1.6266,0.84161,0.001604,0.001604,0.001604
102,106.867,2.14738,1.11027,0.82537,0.38556,0.82423,0.68666,0.33603,1.82046,1.6266,0.84161,0.00160004,0.00160004,0.00160004
103,107.411,1.98483,1.02378,0.82869,0.38556,0.82423,0.68666,0.33603,1.82046,1.6266,0.84161,0.00159608,0.00159608,0.00159608
104,108.088,1.87101,0.95416,0.83089,0.38333,0.81948,0.62632,0.30793,1.7905,1.65241,0.83933,0.00159212,0.00159212,0.00159212
105,108.625,2.27743,1.08868,0.85144,0.38333,0.81948,0.62632,0.30793,1.7905,1.65241,0.83933,0.00158816,0.00158816,0.00158816
106,109.176,2.01306,1.00299,0.8314,0.38333,0.81948,0.62632,0.30793,1.7905,1.65241,0.83933,0.0015842,0.0015842,0.0015842
107,109.843,1.84459,0.94925,0.84772,0.38333,0.81948,0.62632,0.30793,1.7905,1.65241,0.83933,0.00158024,0.00158024,0.00158024
108,110.514,2.18031,1.05795,0.84607,0.62035,0.84561,0.7585,0.39267,1.73485,1.44446,0.83274,0.00157628,0.00157628,0.00157628
109,111.07,1.84286,1.05016,0.85115,0.62035,0.84561,0.7585,0.39267,1.73485,1.44446,0.83274,0.00157232,0.00157232,0.00157232
110,111.653,1.92329,1.0108,0.84494,0.62035,0.84561,0.7585,0.39267,1.73485,1.44446,0.83274,0.00156836,0.00156836,0.00156836
111,112.238,1.91276,0.98191,0.81594,0.62035,0.84561,0.7585,0.39267,1.73485,1.44446,0.83274,0.0015644,0.0015644,0.0015644
112,112.916,1.96269,0.92252,0.83357,0.7573,0.78147,0.81097,0.38709,1.83777,1.26898,0.83756,0.00156044,0.00156044,0.00156044
113,113.48,1.74722,0.99199,0.87981,0.7573,0.78147,0.81097,0.38709,1.83777,1.26898,0.83756,0.00155648,0.00155648,0.00155648
114,114.048,2.00184,1.02814,0.84962,0.7573,0.78147,0.81097,0.38709,1.83777,1.26898,0.83756,0.00155252,0.00155252,0.00155252
115,114.614,1.93497,0.9676,0.85747,0.7573,0.78147,0.81097,0.38709,1.83777,1.26898,0.83756,0.00154856,0.00154856,0.00154856
116,115.273,2.15915,1.03112,0.87572,0.69066,0.79335,0.77947,0.37515,1.82903,1.2205,0.83639,0.0015446,0.0015446,0.0015446
117,115.813,2.06862,1.01939,0.8548,0.69066,0.79335,0.77947,0.37515,1.82903,1.2205,0.83639,0.00154064,0.00154064,0.00154064
118,116.342,2.18827,1.10185,0.85765,0.69066,0.79335,0.77947,0.37515,1.82903,1.2205,0.83639,0.00153668,0.00153668,0.00153668
119,116.884,1.82837,0.93938,0.83753,0.69066,0.79335,0.77947,0.37515,1.82903,1.2205,0.83639,0.00153272,0.00153272,0.00153272
120,117.515,1.70312,0.89874,0.84514,0.71123,0.78385,0.78669,0.39365,1.77794,1.15746,0.83969,0.00152876,0.00152876,0.00152876
121,118.033,1.90034,0.98337,0.84702,0.71123,0.78385,0.78669,0.39365,1.77794,1.15746,0.83969,0.0015248,0.0015248,0.0015248
122,118.738,1.96187,0.96215,0.85794,0.71123,0.78385,0.78669,0.39365,1.77794,1.15746,0.83969,0.00152084,0.00152084,0.00152084
123,119.316,2.16957,1.05371,0.83427,0.71123,0.78385,0.78669,0.39365,1.77794,1.15746,0.83969,0.00151688,0.00151688,0.00151688
124,120.073,2.10866,1.0437,0.87291,0.73535,0.82423,0.82272,0.43904,1.6741,1.10917,0.83081,0.00151292,0.00151292,0.00151292
125,120.668,1.88869,0.94155,0.80867,0.73535,0.82423,0.82272,0.43904,1.6741,1.10917,0.83081,0.00150896,0.00150896,0.00150896
126,121.356,2.05807,1.01206,0.82395,0.73535,0.82423,0.82272,0.43904,1.6741,1.10917,0.83081,0.001505,0.001505,0.001505
127,121.934,2.19968,1.08703,0.9004,0.73535,0.82423,0.82272,0.43904,1.6741,1.10917,0.83081,0.00150104,0.00150104,0.00150104
128,122.531,1.8532,0.91298,0.836,0.77744,0.8076,0.8321,0.42354,1.73834,1.03812,0.8333,0.00149708,0.00149708,0.00149708
129,123.074,1.89591,0.91858,0.83656,0.77744,0.8076,0.8321,0.42354,1.73834,1.03812,0.8333,0.00149312,0.00149312,0.00149312
130,123.615,1.7502,0.9642,0.84373,0.77744,0.8076,0.8321,0.42354,1.73834,1.03812,0.8333,0.00148916,0.00148916,0.00148916
131,124.215,1.95453,0.93846,0.82689,0.77744,0.8076,0.8321,0.42354,1.73834,1.03812,0.8333,0.0014852,0.0014852,0.0014852
132,124.917,1.93576,1.07007,0.84047,0.77617,0.81235,0.8506,0.41223,1.7867,1.01333,0.83364,0.00148124,0.00148124,0.00148124
133,125.489,1.96914,1.04882,0.88061,0.77617,0.81235,0.8506,0.41223,1.7867,1.01333,0.83364,0.00147728,0.00147728,0.00147728
134,126.064,2.02492,1.01745,0.83721,0.77617,0.81235,0.8506,0.41223,1.7867,1.01333,0.83364,0.00147332,0.00147332,0.00147332
135,126.735,1.83277,0.91022,0.81678,0.77617,0.81235,0.8506,0.41223,1.7867,1.01333,0.83364,0.00146936,0.00146936,0.00146936
136,127.39,2.0449,0.99593,0.81277,0.78982,0.71406,0.82023,0.39828,1.77975,1.04423,0.83691,0.0014654,0.0014654,0.0014654
137,128.09,2.06264,0.96701,0.82003,0.78982,0.71406,0.82023,0.39828,1.77975,1.04423,0.83691,0.00146144,0.00146144,0.00146144
138,128.72,1.94939,0.96046,0.83582,0.78982,0.71406,0.82023,0.39828,1.77975,1.04423,0.83691,0.00145748,0.00145748,0.00145748
139,129.275,1.93068,0.97988,0.8502,0.78982,0.71406,0.82023,0.39828,1.77975,1.04423,0.83691,0.00145352,0.00145352,0.00145352
140,130.032,2.12309,1.04875,0.81659,0.7026,0.74822,0.80388,0.41483,1.69205,1.0752,0.8331,0.00144956,0.00144956,0.00144956
141,130.631,2.05661,1.01264,0.82819,0.7026,0.74822,0.80388,0.41483,1.69205,1.0752,0.8331,0.0014456,0.0014456,0.0014456
142,131.167,1.77005,0.92208,0.84021,0.7026,0.74822,0.80388,0.41483,1.69205,1.0752,0.8331,0.00144164,0.00144164,0.00144164
143,131.767,1.97267,0.92842,0.8318,0.7026,0.74822,0.80388,0.41483,1.69205,1.0752,0.8331,0.00143768,0.00143768,0.00143768
144,132.356,1.93502,1.00324,0.85038,0.74398,0.77996,0.81931,0.42068,1.70202,0.99978,0.83252,0.00143372,0.00143372,0.00143372
145,132.951,1.93124,0.98866,0.82277,0.74398,0.77996,0.81931,0.42068,1.70202,0.99978,0.83252,0.00142976,0.00142976,0.00142976
146,133.665,2.0713,1.06809,0.84737,0.74398,0.77996,0.81931,0.42068,1.70202,0.99978,0.83252,0.0014258,0.0014258,0.0014258
147,134.245,1.869,0.96316,0.8403,0.74398,0.77996,0.81931,0.42068,1.70202,0.99978,0.83252,0.00142184,0.00142184,0.00142184
148,134.833,2.00782,1.013,0.8299,0.75925,0.81235,0.8504,0.40274,1.77676,0.92096,0.83551,0.00141788,0.00141788,0.00141788
149,135.378,1.8714,0.9601,0.83601,0.75925,0.81235,0.8504,0.40274,1.77676,0.92096,0.83551,0.00141392,0.00141392,0.00141392
150,136.058,2.07331,1.04932,0.86145,0.75925,0.81235,0.8504,0.40274,1.77676,0.92096,0.83551,0.00140996,0.00140996,0.00140996
151,136.62,1.81018,0.9209,0.82653,0.75925,0.81235,0.8504,0.40274,1.77676,0.92096,0.83551,0.001406,0.001406,0.001406
152,137.207,1.88498,0.94077,0.85964,0.74249,0.80817,0.82111,0.37018,1.87335,0.96747,0.84258,0.00140204,0.00140204,0.00140204
153,137.749,1.77647,0.90351,0.81983,0.74249,0.80817,0.82111,0.37018,1.87335,0.96747,0.84258,0.00139808,0.00139808,0.00139808
154,138.288,2.02043,0.9934,0.82979,0.74249,0.80817,0.82111,0.37018,1.87335,0.96747,0.84258,0.00139412,0.00139412,0.00139412
155,139.058,2.02776,1.02631,0.83179,0.74249,0.80817,0.82111,0.37018,1.87335,0.96747,0.84258,0.00139016,0.00139016,0.00139016
156,139.658,2.06484,1.03231,0.85794,0.61869,0.85748,0.75912,0.33111,1.98988,1.01758,0.85852,0.0013862,0.0013862,0.0013862
157,140.206,1.74512,0.9128,0.83544,0.61869,0.85748,0.75912,0.33111,1.98988,1.01758,0.85852,0.00138224,0.00138224,0.00138224
158,140.748,1.98543,1.02465,0.8618,0.61869,0.85748,0.75912,0.33111,1.98988,1.01758,0.85852,0.00137828,0.00137828,0.00137828
159,141.391,1.81134,0.91567,0.85145,0.61869,0.85748,0.75912,0.33111,1.98988,1.01758,0.85852,0.00137432,0.00137432,0.00137432
160,142.028,2.07094,0.95891,0.84107,0.73401,0.80622,0.81086,0.3985,1.82727,0.89215,0.84177,0.00137036,0.00137036,0.00137036
161,142.737,2.21287,1.05521,0.83867,0.73401,0.80622,0.81086,0.3985,1.82727,0.89215,0.84177,0.0013664,0.0013664,0.0013664
162,143.298,1.76509,0.90969,0.8199,0.73401,0.80622,0.81086,0.3985,1.82727,0.89215,0.84177,0.00136244,0.00136244,0.00136244
163,143.901,2.05982,1.05189,0.83809,0.73401,0.80622,0.81086,0.3985,1.82727,0.89215,0.84177,0.00135848,0.00135848,0.00135848
164,144.627,1.85013,0.99454,0.83783,0.79124,0.81025,0.84844,0.45117,1.69054,0.8726,0.83369,0.00135452,0.00135452,0.00135452
165,145.172,1.80607,0.90513,0.86931,0.79124,0.81025,0.84844,0.45117,1.69054,0.8726,0.83369,0.00135056,0.00135056,0.00135056
166,145.744,1.92821,0.90174,0.83555,0.79124,0.81025,0.84844,0.45117,1.69054,0.8726,0.83369,0.0013466,0.0013466,0.0013466
167,146.302,1.9398,0.96091,0.8283,0.79124,0.81025,0.84844,0.45117,1.69054,0.8726,0.83369,0.00134264,0.00134264,0.00134264
168,146.884,2.00734,0.93216,0.83075,0.79731,0.8171,0.83959,0.44935,1.6807,0.87372,0.83642,0.00133868,0.00133868,0.00133868
169,147.514,2.02917,1.02614,0.87061,0.79731,0.8171,0.83959,0.44935,1.6807,0.87372,0.83642,0.00133472,0.00133472,0.00133472
170,148.208,1.94161,0.91277,0.84218,0.79731,0.8171,0.83959,0.44935,1.6807,0.87372,0.83642,0.00133076,0.00133076,0.00133076
171,148.841,2.3549,1.11027,0.82988,0.79731,0.8171,0.83959,0.44935,1.6807,0.87372,0.83642,0.0013268,0.0013268,0.0013268
172,149.455,2.10048,0.98585,0.88362,0.75369,0.82898,0.81957,0.40951,1.78453,0.90285,0.84551,0.00132284,0.00132284,0.00132284
173,149.997,2.05677,1.00081,0.84715,0.75369,0.82898,0.81957,0.40951,1.78453,0.90285,0.84551,0.00131888,0.00131888,0.00131888
174,150.543,2.00259,0.98647,0.87308,0.75369,0.82898,0.81957,0.40951,1.78453,0.90285,0.84551,0.00131492,0.00131492,0.00131492
175,151.16,1.80527,0.90211,0.86089,0.75369,0.82898,0.81957,0.40951,1.78453,0.90285,0.84551,0.00131096,0.00131096,0.00131096
176,151.757,1.89527,0.94766,0.81372,0.77158,0.81842,0.82637,0.38603,1.90967,0.9084,0.84731,0.001307,0.001307,0.001307
177,152.314,2.01641,0.95897,0.84207,0.77158,0.81842,0.82637,0.38603,1.90967,0.9084,0.84731,0.00130304,0.00130304,0.00130304
178,152.844,1.73748,0.90599,0.84193,0.77158,0.81842,0.82637,0.38603,1.90967,0.9084,0.84731,0.00129908,0.00129908,0.00129908
179,153.461,1.72066,0.85274,0.82284,0.77158,0.81842,0.82637,0.38603,1.90967,0.9084,0.84731,0.00129512,0.00129512,0.00129512
180,154.068,2.03545,0.89609,0.82074,0.78382,0.84086,0.85736,0.41375,1.79691,0.875,0.83697,0.00129116,0.00129116,0.00129116
181,154.592,2.11179,0.9834,0.85042,0.78382,0.84086,0.85736,0.41375,1.79691,0.875,0.83697,0.0012872,0.0012872,0.0012872
182,155.113,1.70549,0.88489,0.83958,0.78382,0.84086,0.85736,0.41375,1.79691,0.875,0.83697,0.00128324,0.00128324,0.00128324
183,155.648,1.87358,0.90322,0.82765,0.78382,0.84086,0.85736,0.41375,1.79691,0.875,0.83697,0.00127928,0.00127928,0.00127928
184,156.32,1.97467,0.93865,0.82733,0.80229,0.85784,0.8707,0.4656,1.63536,0.84911,0.83029,0.00127532,0.00127532,0.00127532
185,157.02,1.94116,0.92017,0.82452,0.80229,0.85784,0.8707,0.4656,1.63536,0.84911,0.83029,0.00127136,0.00127136,0.00127136
186,157.663,1.93171,0.92984,0.80822,0.80229,0.85784,0.8707,0.4656,1.63536,0.84911,0.83029,0.0012674,0.0012674,0.0012674
187,158.185,1.85748,0.90911,0.84119,0.80229,0.85784,0.8707,0.4656,1.63536,0.84911,0.83029,0.00126344,0.00126344,0.00126344
188,158.758,1.80584,1.02175,0.86588,0.79532,0.85036,0.86196,0.47254,1.59792,0.84317,0.83106,0.00125948,0.00125948,0.00125948
189,159.302,1.86492,0.91597,0.83405,0.79532,0.85036,0.86196,0.47254,1.59792,0.84317,0.83106,0.00125552,0.00125552,0.00125552
190,159.934,1.97779,0.97682,0.82076,0.79532,0.85036,0.86196,0.47254,1.59792,0.84317,0.83106,0.00125156,0.00125156,0.00125156
191,160.479,1.92631,0.92093,0.8164,0.79532,0.85036,0.86196,0.47254,1.59792,0.84317,0.83106,0.0012476,0.0012476,0.0012476
192,161.037,1.7755,0.87883,0.82067,0.76366,0.81235,0.83236,0.44089,1.69333,0.89427,0.83822,0.00124364,0.00124364,0.00124364
193,161.584,1.91819,0.92053,0.85122,0.76366,0.81235,0.83236,0.44089,1.69333,0.89427,0.83822,0.00123968,0.00123968,0.00123968
194,162.205,1.91985,0.91309,0.84021,0.76366,0.81235,0.83236,0.44089,1.69333,0.89427,0.83822,0.00123572,0.00123572,0.00123572
195,162.767,1.75495,0.91088,0.83617,0.76366,0.81235,0.83236,0.44089,1.69333,0.89427,0.83822,0.00123176,0.00123176,0.00123176
196,163.369,1.86532,0.88509,0.8112,0.74208,0.78147,0.80215,0.4045,1.80972,0.93483,0.84591,0.0012278,0.0012278,0.0012278
197,163.924,1.98683,1.00562,0.85698,0.74208,0.78147,0.80215,0.4045,1.80972,0.93483,0.84591,0.00122384,0.00122384,0.00122384
198,164.487,1.72398,0.9,0.8699,0.74208,0.78147,0.80215,0.4045,1.80972,0.93483,0.84591,0.00121988,0.00121988,0.00121988
199,165.107,1.92419,0.8805,0.80717,0.74208,0.78147,0.80215,0.4045,1.80972,0.93483,0.84591,0.00121592,0.00121592,0.00121592
200,165.856,2.10339,1.00753,0.85885,0.76967,0.72684,0.7895,0.38742,1.80317,0.93157,0.84846,0.00121196,0.00121196,0.00121196
201,166.471,1.81042,0.88577,0.81751,0.76967,0.72684,0.7895,0.38742,1.80317,0.93157,0.84846,0.001208,0.001208,0.001208
202,167.01,1.85729,0.90851,0.84808,0.76967,0.72684,0.7895,0.38742,1.80317,0.93157,0.84846,0.00120404,0.00120404,0.00120404
203,167.693,2.0793,0.99938,0.87349,0.76967,0.72684,0.7895,0.38742,1.80317,0.93157,0.84846,0.00120008,0.00120008,0.00120008
204,168.29,2.07632,0.99323,0.83751,0.79152,0.74852,0.81667,0.40898,1.78774,0.90172,0.84617,0.00119612,0.00119612,0.00119612
205,168.802,1.80963,0.88696,0.8527,0.79152,0.74852,0.81667,0.40898,1.78774,0.90172,0.84617,0.00119216,0.00119216,0.00119216
206,169.337,1.62304,0.83565,0.8617,0.79152,0.74852,0.81667,0.40898,1.78774,0.90172,0.84617,0.0011882,0.0011882,0.0011882
207,169.905,1.69566,0.85095,0.82745,0.79152,0.74852,0.81667,0.40898,1.78774,0.90172,0.84617,0.00118424,0.00118424,0.00118424
208,170.519,1.73864,0.89156,0.83746,0.79251,0.76722,0.83767,0.41627,1.79638,0.87558,0.8447,0.00118028,0.00118028,0.00118028
209,171.214,1.87027,0.88243,0.81422,0.79251,0.76722,0.83767,0.41627,1.79638,0.87558,0.8447,0.00117632,0.00117632,0.00117632
210,171.794,1.92886,0.92104,0.82811,0.79251,0.76722,0.83767,0.41627,1.79638,0.87558,0.8447,0.00117236,0.00117236,0.00117236
211,172.36,2.09882,0.95181,0.83624,0.79251,0.76722,0.83767,0.41627,1.79638,0.87558,0.8447,0.0011684,0.0011684,0.0011684
212,172.941,2.04572,0.97644,0.83263,0.77855,0.79332,0.84717,0.44786,1.71132,0.85823,0.83975,0.00116444,0.00116444,0.00116444
213,173.493,2.12217,1.00323,0.88377,0.77855,0.79332,0.84717,0.44786,1.71132,0.85823,0.83975,0.00116048,0.00116048,0.00116048
214,174.261,2.02983,1.00561,0.85439,0.77855,0.79332,0.84717,0.44786,1.71132,0.85823,0.83975,0.00115652,0.00115652,0.00115652
215,174.854,2.06706,0.94515,0.84229,0.77855,0.79332,0.84717,0.44786,1.71132,0.85823,0.83975,0.00115256,0.00115256,0.00115256
216,175.61,2.16719,0.99751,0.80504,0.72817,0.7981,0.81382,0.42338,1.77976,0.87165,0.84225,0.0011486,0.0011486,0.0011486
217,176.172,1.67741,0.85627,0.85212,0.72817,0.7981,0.81382,0.42338,1.77976,0.87165,0.84225,0.00114464,0.00114464,0.00114464
218,176.771,1.9113,0.85797,0.82823,0.72817,0.7981,0.81382,0.42338,1.77976,0.87165,0.84225,0.00114068,0.00114068,0.00114068
219,177.339,1.74585,0.8759,0.84309,0.72817,0.7981,0.81382,0.42338,1.77976,0.87165,0.84225,0.00113672,0.00113672,0.00113672
220,177.96,1.78608,0.84246,0.82059,0.72065,0.7292,0.7836,0.39731,1.82867,0.88769,0.84487,0.00113276,0.00113276,0.00113276
221,178.721,1.98329,0.88767,0.81009,0.72065,0.7292,0.7836,0.39731,1.82867,0.88769,0.84487,0.0011288,0.0011288,0.0011288
222,179.327,2.4209,1.1031,0.84456,0.72065,0.7292,0.7836,0.39731,1.82867,0.88769,0.84487,0.00112484,0.00112484,0.00112484
223,179.901,1.89331,0.93086,0.83627,0.72065,0.7292,0.7836,0.39731,1.82867,0.88769,0.84487,0.00112088,0.00112088,0.00112088
224,180.616,2.01806,0.91718,0.80384,0.74548,0.75136,0.80874,0.43099,1.73815,0.85821,0.83585,0.00111692,0.00111692,0.00111692
225,181.24,1.982,0.93511,0.83404,0.74548,0.75136,0.80874,0.43099,1.73815,0.85821,0.83585,0.00111296,0.00111296,0.00111296
226,181.792,1.87483,0.96073,0.89628,0.74548,0.75136,0.80874,0.43099,1.73815,0.85821,0.83585,0.001109,0.001109,0.001109
227,182.36,1.75184,0.83485,0.82443,0.74548,0.75136,0.80874,0.43099,1.73815,0.85821,0.83585,0.00110504,0.00110504,0.00110504
228,183.103,1.71859,0.88432,0.81782,0.78793,0.81948,0.85374,0.4654,1.62496,0.81345,0.82634,0.00110108,0.00110108,0.00110108
229,183.693,1.8804,0.89288,0.81777,0.78793,0.81948,0.85374,0.4654,1.62496,0.81345,0.82634,0.00109712,0.00109712,0.00109712
230,184.408,2.11143,0.97948,0.80284,0.78793,0.81948,0.85374,0.4654,1.62496,0.81345,0.82634,0.00109316,0.00109316,0.00109316
231,184.968,2.00615,0.99227,0.87267,0.78793,0.81948,0.85374,0.4654,1.62496,0.81345,0.82634,0.0010892,0.0010892,0.0010892
232,185.525,1.78395,0.87668,0.82475,0.79055,0.8361,0.86375,0.49384,1.54001,0.7859,0.8243,0.00108524,0.00108524,0.00108524
233,186.07,1.71932,0.82522,0.8177,0.79055,0.8361,0.86375,0.49384,1.54001,0.7859,0.8243,0.00108128,0.00108128,0.00108128
234,186.762,1.87366,0.91378,0.83643,0.79055,0.8361,0.86375,0.49384,1.54001,0.7859,0.8243,0.00107732,0.00107732,0.00107732
235,187.375,1.9234,0.88585,0.83657,0.79055,0.8361,0.86375,0.49384,1.54001,0.7859,0.8243,0.00107336,0.00107336,0.00107336
236,188.006,1.90463,0.90405,0.83862,0.76381,0.81473,0.84669,0.46254,1.62983,0.80559,0.83132,0.0010694,0.0010694,0.0010694
237,188.57,1.7273,0.92253,0.83037,0.76381,0.81473,0.84669,0.46254,1.62983,0.80559,0.83132,0.00106544,0.00106544,0.00106544
238,189.117,1.95439,0.91929,0.81311,0.76381,0.81473,0.84669,0.46254,1.62983,0.80559,0.83132,0.00106148,0.00106148,0.00106148
239,189.739,1.83166,0.85779,0.82111,0.76381,0.81473,0.84669,0.46254,1.62983,0.80559,0.83132,0.00105752,0.00105752,0.00105752
240,190.314,1.77584,0.84475,0.84193,0.75415,0.80523,0.83943,0.42456,1.73791,0.83205,0.83979,0.00105356,0.00105356,0.00105356
241,190.843,1.80261,0.8462,0.82409,0.75415,0.80523,0.83943,0.42456,1.73791,0.83205,0.83979,0.0010496,0.0010496,0.0010496
242,191.405,2.01206,0.95202,0.84625,0.75415,0.80523,0.83943,0.42456,1.73791,0.83205,0.83979,0.00104564,0.00104564,0.00104564
243,192.011,1.84104,0.84734,0.83182,0.75415,0.80523,0.83943,0.42456,1.73791,0.83205,0.83979,0.00104168,0.00104168,0.00104168
244,192.803,1.78917,0.84031,0.81155,0.7924,0.77197,0.8379,0.43606,1.71915,0.84189,0.83933,0.00103772,0.00103772,0.00103772
245,193.413,1.98566,0.91712,0.83996,0.7924,0.77197,0.8379,0.43606,1.71915,0.84189,0.83933,0.00103376,0.00103376,0.00103376
246,193.984,1.9301,0.91109,0.82863,0.7924,0.77197,0.8379,0.43606,1.71915,0.84189,0.83933,0.0010298,0.0010298,0.0010298
247,194.527,1.53572,0.778,0.808,0.7924,0.77197,0.8379,0.43606,1.71915,0.84189,0.83933,0.00102584,0.00102584,0.00102584
248,195.114,1.7408,0.81357,0.80743,0.78439,0.82094,0.87084,0.45464,1.66781,0.80703,0.82678,0.00102188,0.00102188,0.00102188
249,195.858,1.85904,0.83407,0.82854,0.78439,0.82094,0.87084,0.45464,1.66781,0.80703,0.82678,0.00101792,0.00101792,0.00101792
250,196.447,1.8233,0.81729,0.8233,0.78439,0.82094,0.87084,0.45464,1.66781,0.80703,0.82678,0.00101396,0.00101396,0.00101396
251,197.011,1.80454,0.81365,0.82072,0.78439,0.82094,0.87084,0.45464,1.66781,0.80703,0.82678,0.00101,0.00101,0.00101
252,197.683,1.99463,0.89827,0.83712,0.79758,0.8517,0.88312,0.45713,1.65533,0.80875,0.82278,0.00100604,0.00100604,0.00100604
253,198.203,1.78541,0.92954,0.87945,0.79758,0.8517,0.88312,0.45713,1.65533,0.80875,0.82278,0.00100208,0.00100208,0.00100208
254,198.779,1.86196,0.8798,0.81613,0.79758,0.8517,0.88312,0.45713,1.65533,0.80875,0.82278,0.00099812,0.00099812,0.00099812
255,199.454,1.98391,0.92489,0.82907,0.79758,0.8517,0.88312,0.45713,1.65533,0.80875,0.82278,0.00099416,0.00099416,0.00099416
256,200.07,2.08274,0.97356,0.82647,0.77408,0.86269,0.87812,0.48049,1.60327,0.79342,0.82106,0.0009902,0.0009902,0.0009902
257,200.589,1.825,0.91672,0.84317,0.77408,0.86269,0.87812,0.48049,1.60327,0.79342,0.82106,0.00098624,0.00098624,0.00098624
258,201.147,1.91316,0.90661,0.83629,0.77408,0.86269,0.87812,0.48049,1.60327,0.79342,0.82106,0.00098228,0.00098228,0.00098228
259,201.825,1.79723,0.84916,0.828,0.77408,0.86269,0.87812,0.48049,1.60327,0.79342,0.82106,0.00097832,0.00097832,0.00097832
260,202.413,2.01846,0.93963,0.84331,0.75448,0.85273,0.86007,0.45431,1.69309,0.80965,0.82857,0.00097436,0.00097436,0.00097436
261,202.937,1.91485,0.87771,0.84774,0.75448,0.85273,0.86007,0.45431,1.69309,0.80965,0.82857,0.0009704,0.0009704,0.0009704
262,203.556,1.99526,0.92066,0.83678,0.75448,0.85273,0.86007,0.45431,1.69309,0.80965,0.82857,0.00096644,0.00096644,0.00096644
263,204.084,1.66767,0.77939,0.83482,0.75448,0.85273,0.86007,0.45431,1.69309,0.80965,0.82857,0.00096248,0.00096248,0.00096248
264,204.737,1.73448,0.83194,0.81395,0.76017,0.78622,0.83045,0.41522,1.80673,0.83847,0.83976,0.00095852,0.00095852,0.00095852
265,205.292,1.73971,0.83904,0.8306,0.76017,0.78622,0.83045,0.41522,1.80673,0.83847,0.83976,0.00095456,0.00095456,0.00095456
266,205.969,1.60887,0.77788,0.81304,0.76017,0.78622,0.83045,0.41522,1.80673,0.83847,0.83976,0.0009506,0.0009506,0.0009506
267,206.555,1.84138,0.85369,0.82396,0.76017,0.78622,0.83045,0.41522,1.80673,0.83847,0.83976,0.00094664,0.00094664,0.00094664
268,207.262,1.97033,0.88368,0.78629,0.75018,0.7846,0.82383,0.4033,1.84057,0.85147,0.84365,0.00094268,0.00094268,0.00094268
269,207.835,1.72833,0.80828,0.81793,0.75018,0.7846,0.82383,0.4033,1.84057,0.85147,0.84365,0.00093872,0.00093872,0.00093872
270,208.522,2.06491,0.96103,0.81903,0.75018,0.7846,0.82383,0.4033,1.84057,0.85147,0.84365,0.00093476,0.00093476,0.00093476
271,209.077,2.0766,0.998,0.86367,0.75018,0.7846,0.82383,0.4033,1.84057,0.85147,0.84365,0.0009308,0.0009308,0.0009308
272,209.714,1.90915,0.89646,0.8194,0.7709,0.80998,0.86199,0.4415,1.72921,0.82189,0.83654,0.00092684,0.00092684,0.00092684
273,210.394,1.99241,0.94169,0.82433,0.7709,0.80998,0.86199,0.4415,1.72921,0.82189,0.83654,0.00092288,0.00092288,0.00092288
274,210.994,1.79857,0.8296,0.82726,0.7709,0.80998,0.86199,0.4415,1.72921,0.82189,0.83654,0.00091892,0.00091892,0.00091892
275,211.657,1.96653,0.88722,0.8256,0.7709,0.80998,0.86199,0.4415,1.72921,0.82189,0.83654,0.00091496,0.00091496,0.00091496
276,212.269,2.03481,0.89886,0.83255,0.77424,0.83092,0.88207,0.46267,1.6588,0.79373,0.83212,0.000911,0.000911,0.000911
277,212.837,1.79711,0.83204,0.82542,0.77424,0.83092,0.88207,0.46267,1.6588,0.79373,0.83212,0.00090704,0.00090704,0.00090704
278,213.499,2.13633,0.91778,0.8054,0.77424,0.83092,0.88207,0.46267,1.6588,0.79373,0.83212,0.00090308,0.00090308,0.00090308
279,214.098,1.55122,0.80594,0.84624,0.77424,0.83092,0.88207,0.46267,1.6588,0.79373,0.83212,0.00089912,0.00089912,0.00089912
280,214.725,2.10239,0.9069,0.79102,0.82301,0.81948,0.88855,0.47848,1.64929,0.78225,0.82812,0.00089516,0.00089516,0.00089516
281,215.286,1.90259,0.84473,0.79755,0.82301,0.81948,0.88855,0.47848,1.64929,0.78225,0.82812,0.0008912,0.0008912,0.0008912
282,216.019,1.94329,0.93572,0.83813,0.82301,0.81948,0.88855,0.47848,1.64929,0.78225,0.82812,0.00088724,0.00088724,0.00088724
283,216.609,2.02169,0.93523,0.84443,0.82301,0.81948,0.88855,0.47848,1.64929,0.78225,0.82812,0.00088328,0.00088328,0.00088328
284,217.216,1.93721,0.88985,0.82462,0.80559,0.84323,0.88808,0.4697,1.66577,0.7812,0.82787,0.00087932,0.00087932,0.00087932
285,217.757,1.72709,0.79534,0.83791,0.80559,0.84323,0.88808,0.4697,1.66577,0.7812,0.82787,0.00087536,0.00087536,0.00087536
286,218.42,1.72444,0.80715,0.80623,0.80559,0.84323,0.88808,0.4697,1.66577,0.7812,0.82787,0.0008714,0.0008714,0.0008714
287,219.002,1.78857,0.847,0.81505,0.80559,0.84323,0.88808,0.4697,1.66577,0.7812,0.82787,0.00086744,0.00086744,0.00086744
288,219.561,1.70655,0.81746,0.83653,0.78068,0.81948,0.87934,0.45972,1.67575,0.78383,0.83103,0.00086348,0.00086348,0.00086348
289,220.281,1.6759,0.7852,0.81219,0.78068,0.81948,0.87934,0.45972,1.67575,0.78383,0.83103,0.00085952,0.00085952,0.00085952
290,220.903,1.80386,0.85973,0.82693,0.78068,0.81948,0.87934,0.45972,1.67575,0.78383,0.83103,0.00085556,0.00085556,0.00085556
291,221.44,1.7545,0.80745,0.81713,0.78068,0.81948,0.87934,0.45972,1.67575,0.78383,0.83103,0.0008516,0.0008516,0.0008516
292,222.01,1.90402,0.8969,0.868,0.76098,0.81671,0.86515,0.44689,1.70964,0.79336,0.83504,0.00084764,0.00084764,0.00084764
293,222.559,1.82764,0.86849,0.82801,0.76098,0.81671,0.86515,0.44689,1.70964,0.79336,0.83504,0.00084368,0.00084368,0.00084368
294,223.168,1.9789,0.94726,0.84387,0.76098,0.81671,0.86515,0.44689,1.70964,0.79336,0.83504,0.00083972,0.00083972,0.00083972
295,223.719,1.70765,0.81659,0.82339,0.76098,0.81671,0.86515,0.44689,1.70964,0.79336,0.83504,0.00083576,0.00083576,0.00083576
296,224.29,1.5063,0.72454,0.81003,0.75515,0.81316,0.85148,0.44852,1.68961,0.78407,0.8339,0.0008318,0.0008318,0.0008318
297,224.827,1.74354,0.81661,0.81501,0.75515,0.81316,0.85148,0.44852,1.68961,0.78407,0.8339,0.00082784,0.00082784,0.00082784
298,225.429,1.79695,0.80742,0.80479,0.75515,0.81316,0.85148,0.44852,1.68961,0.78407,0.8339,0.00082388,0.00082388,0.00082388
299,226.122,1.76426,0.86054,0.82181,0.75515,0.81316,0.85148,0.44852,1.68961,0.78407,0.8339,0.00081992,0.00081992,0.00081992
300,226.759,1.51561,0.72521,0.80411,0.75727,0.84323,0.86766,0.46926,1.66988,0.77169,0.83291,0.00081596,0.00081596,0.00081596
301,227.283,1.88967,0.85706,0.81377,0.75727,0.84323,0.86766,0.46926,1.66988,0.77169,0.83291,0.000812,0.000812,0.000812
302,228.015,1.78565,0.88503,0.83999,0.75727,0.84323,0.86766,0.46926,1.66988,0.77169,0.83291,0.00080804,0.00080804,0.00080804
303,228.603,1.5953,0.82472,0.83373,0.75727,0.84323,0.86766,0.46926,1.66988,0.77169,0.83291,0.00080408,0.00080408,0.00080408
304,229.335,1.80125,0.82709,0.81416,0.79028,0.84323,0.8819,0.48019,1.65642,0.76542,0.82938,0.00080012,0.00080012,0.00080012
305,229.953,1.83907,0.89563,0.83017,0.79028,0.84323,0.8819,0.48019,1.65642,0.76542,0.82938,0.00079616,0.00079616,0.00079616
306,230.494,1.66508,0.78504,0.81285,0.79028,0.84323,0.8819,0.48019,1.65642,0.76542,0.82938,0.0007922,0.0007922,0.0007922
307,231.069,1.60435,0.79575,0.82131,0.79028,0.84323,0.8819,0.48019,1.65642,0.76542,0.82938,0.00078824,0.00078824,0.00078824
308,231.694,1.88577,0.87194,0.81312,0.79842,0.82794,0.87873,0.45831,1.71845,0.78391,0.83332,0.00078428,0.00078428,0.00078428
309,232.449,1.92739,0.88669,0.82217,0.79842,0.82794,0.87873,0.45831,1.71845,0.78391,0.83332,0.00078032,0.00078032,0.00078032
310,233.066,2.07488,0.92589,0.82139,0.79842,0.82794,0.87873,0.45831,1.71845,0.78391,0.83332,0.00077636,0.00077636,0.00077636
311,233.639,1.69337,0.79987,0.82498,0.79842,0.82794,0.87873,0.45831,1.71845,0.78391,0.83332,0.0007724,0.0007724,0.0007724
312,234.216,1.53753,0.77548,0.83481,0.79502,0.86223,0.89556,0.4749,1.66819,0.76827,0.82903,0.00076844,0.00076844,0.00076844
313,234.746,1.6162,0.79311,0.81854,0.79502,0.86223,0.89556,0.4749,1.66819,0.76827,0.82903,0.00076448,0.00076448,0.00076448
314,235.331,1.71612,0.82057,0.83863,0.79502,0.86223,0.89556,0.4749,1.66819,0.76827,0.82903,0.00076052,0.00076052,0.00076052
315,235.875,1.73161,0.85982,0.82261,0.79502,0.86223,0.89556,0.4749,1.66819,0.76827,0.82903,0.00075656,0.00075656,0.00075656
316,236.447,1.51222,0.74088,0.82668,0.80426,0.86698,0.89745,0.4959,1.60154,0.76741,0.8258,0.0007526,0.0007526,0.0007526
317,236.986,1.8082,0.88246,0.82692,0.80426,0.86698,0.89745,0.4959,1.60154,0.76741,0.8258,0.00074864,0.00074864,0.00074864
318,237.62,1.79882,0.83172,0.81934,0.80426,0.86698,0.89745,0.4959,1.60154,0.76741,0.8258,0.00074468,0.00074468,0.00074468
319,238.199,1.78873,0.91076,0.86156,0.80426,0.86698,0.89745,0.4959,1.60154,0.76741,0.8258,0.00074072,0.00074072,0.00074072
320,238.8,1.64121,0.76565,0.81154,0.80473,0.85748,0.89273,0.49103,1.58932,0.75854,0.8251,0.00073676,0.00073676,0.00073676
321,239.33,1.61969,0.82584,0.85358,0.80473,0.85748,0.89273,0.49103,1.58932,0.75854,0.8251,0.0007328,0.0007328,0.0007328
322,240.04,1.7825,0.84086,0.85839,0.80473,0.85748,0.89273,0.49103,1.58932,0.75854,0.8251,0.00072884,0.00072884,0.00072884
323,240.588,1.8756,0.93286,0.85654,0.80473,0.85748,0.89273,0.49103,1.58932,0.75854,0.8251,0.00072488,0.00072488,0.00072488
324,241.167,1.71554,0.78983,0.80899,0.81938,0.8361,0.90086,0.47877,1.62549,0.76074,0.82885,0.00072092,0.00072092,0.00072092
325,241.85,1.73997,0.78041,0.79773,0.81938,0.8361,0.90086,0.47877,1.62549,0.76074,0.82885,0.00071696,0.00071696,0.00071696
326,242.431,1.98118,0.88476,0.80542,0.81938,0.8361,0.90086,0.47877,1.62549,0.76074,0.82885,0.000713,0.000713,0.000713
327,243.129,1.78716,0.79218,0.80251,0.81938,0.8361,0.90086,0.47877,1.62549,0.76074,0.82885,0.00070904,0.00070904,0.00070904
328,243.764,1.92293,0.88641,0.81045,0.81229,0.85986,0.90158,0.4799,1.64702,0.76265,0.83061,0.00070508,0.00070508,0.00070508
329,244.305,1.82429,0.8551,0.81085,0.81229,0.85986,0.90158,0.4799,1.64702,0.76265,0.83061,0.00070112,0.00070112,0.00070112
330,244.845,1.91717,0.8841,0.82693,0.81229,0.85986,0.90158,0.4799,1.64702,0.76265,0.83061,0.00069716,0.00069716,0.00069716
331,245.401,1.68642,0.78949,0.80231,0.81229,0.85986,0.90158,0.4799,1.64702,0.76265,0.83061,0.0006932,0.0006932,0.0006932
332,246.191,1.80158,0.81343,0.79996,0.80906,0.87173,0.89738,0.49347,1.64475,0.74995,0.83024,0.00068924,0.00068924,0.00068924
333,246.747,1.67152,0.76333,0.83544,0.80906,0.87173,0.89738,0.49347,1.64475,0.74995,0.83024,0.00068528,0.00068528,0.00068528
334,247.314,1.56934,0.71171,0.81931,0.80906,0.87173,0.89738,0.49347,1.64475,0.74995,0.83024,0.00068132,0.00068132,0.00068132
335,247.981,1.57861,0.7799,0.79785,0.80906,0.87173,0.89738,0.49347,1.64475,0.74995,0.83024,0.00067736,0.00067736,0.00067736
336,248.654,1.62762,0.77345,0.81257,0.81419,0.90499,0.90747,0.49262,1.64034,0.73742,0.8301,0.0006734,0.0006734,0.0006734
337,249.208,1.93532,0.87952,0.80173,0.81419,0.90499,0.90747,0.49262,1.64034,0.73742,0.8301,0.00066944,0.00066944,0.00066944
338,249.763,1.59469,0.73614,0.82207,0.81419,0.90499,0.90747,0.49262,1.64034,0.73742,0.8301,0.00066548,0.00066548,0.00066548
339,250.318,1.73081,0.77803,0.81979,0.81419,0.90499,0.90747,0.49262,1.64034,0.73742,0.8301,0.00066152,0.00066152,0.00066152
340,250.979,1.91547,0.84275,0.79673,0.81342,0.89549,0.91039,0.50677,1.61358,0.73086,0.82908,0.00065756,0.00065756,0.00065756
341,251.52,1.69881,0.74623,0.81076,0.81342,0.89549,0.91039,0.50677,1.61358,0.73086,0.82908,0.0006536,0.0006536,0.0006536
342,252.081,1.86775,0.82018,0.81865,0.81342,0.89549,0.91039,0.50677,1.61358,0.73086,0.82908,0.00064964,0.00064964,0.00064964
343,252.644,2.03549,0.93933,0.86243,0.81342,0.89549,0.91039,0.50677,1.61358,0.73086,0.82908,0.00064568,0.00064568,0.00064568
344,253.296,1.8755,0.829,0.82731,0.8199,0.86508,0.90231,0.49032,1.61636,0.74443,0.83082,0.00064172,0.00064172,0.00064172
345,253.815,1.58506,0.73369,0.82397,0.8199,0.86508,0.90231,0.49032,1.61636,0.74443,0.83082,0.00063776,0.00063776,0.00063776
346,254.362,1.8948,0.94644,0.84835,0.8199,0.86508,0.90231,0.49032,1.61636,0.74443,0.83082,0.0006338,0.0006338,0.0006338
347,255.071,1.69574,0.8133,0.80721,0.8199,0.86508,0.90231,0.49032,1.61636,0.74443,0.83082,0.00062984,0.00062984,0.00062984
348,255.719,1.84729,0.9045,0.85453,0.81034,0.83219,0.89063,0.45362,1.70759,0.76653,0.83665,0.00062588,0.00062588,0.00062588
349,256.269,1.83416,0.81587,0.81355,0.81034,0.83219,0.89063,0.45362,1.70759,0.76653,0.83665,0.00062192,0.00062192,0.00062192
350,256.802,1.80613,0.77328,0.82616,0.81034,0.83219,0.89063,0.45362,1.70759,0.76653,0.83665,0.00061796,0.00061796,0.00061796
351,257.482,2.03815,0.85896,0.79954,0.81034,0.83219,0.89063,0.45362,1.70759,0.76653,0.83665,0.000614,0.000614,0.000614
352,258.113,1.74152,0.86613,0.86866,0.82949,0.76485,0.88058,0.4303,1.75659,0.78617,0.84,0.00061004,0.00061004,0.00061004
353,258.789,1.95696,0.90265,0.82075,0.82949,0.76485,0.88058,0.4303,1.75659,0.78617,0.84,0.00060608,0.00060608,0.00060608
354,259.388,1.64194,0.77953,0.81787,0.82949,0.76485,0.88058,0.4303,1.75659,0.78617,0.84,0.00060212,0.00060212,0.00060212
355,259.93,1.67133,0.77237,0.79935,0.82949,0.76485,0.88058,0.4303,1.75659,0.78617,0.84,0.00059816,0.00059816,0.00059816
356,260.498,1.53802,0.72877,0.82811,0.79881,0.78278,0.86872,0.42917,1.74437,0.79175,0.83903,0.0005942,0.0005942,0.0005942
357,261.041,1.85111,0.84162,0.83028,0.79881,0.78278,0.86872,0.42917,1.74437,0.79175,0.83903,0.00059024,0.00059024,0.00059024
358,261.643,1.845,0.88533,0.85593,0.79881,0.78278,0.86872,0.42917,1.74437,0.79175,0.83903,0.00058628,0.00058628,0.00058628
359,262.235,1.8477,0.84871,0.82652,0.79881,0.78278,0.86872,0.42917,1.74437,0.79175,0.83903,0.00058232,0.00058232,0.00058232
360,262.753,1.56227,0.86047,0.86053,0.79519,0.84844,0.88903,0.46202,1.66058,0.75915,0.83367,0.00057836,0.00057836,0.00057836
361,263.287,1.78628,0.82782,0.81827,0.79519,0.84844,0.88903,0.46202,1.66058,0.75915,0.83367,0.0005744,0.0005744,0.0005744
362,263.888,1.67952,0.7966,0.85008,0.79519,0.84844,0.88903,0.46202,1.66058,0.75915,0.83367,0.00057044,0.00057044,0.00057044
363,264.438,1.85871,0.87342,0.84735,0.79519,0.84844,0.88903,0.46202,1.66058,0.75915,0.83367,0.00056648,0.00056648,0.00056648
364,265.017,1.68333,0.77419,0.82292,0.83458,0.86285,0.90479,0.48268,1.62796,0.74142,0.83032,0.00056252,0.00056252,0.00056252
365,265.685,1.77068,0.863,0.83148,0.83458,0.86285,0.90479,0.48268,1.62796,0.74142,0.83032,0.00055856,0.00055856,0.00055856
366,266.252,1.71204,0.77601,0.82388,0.83458,0.86285,0.90479,0.48268,1.62796,0.74142,0.83032,0.0005546,0.0005546,0.0005546
367,266.783,1.58008,0.74021,0.81918,0.83458,0.86285,0.90479,0.48268,1.62796,0.74142,0.83032,0.00055064,0.00055064,0.00055064
368,267.398,1.76188,0.81314,0.82867,0.815,0.89311,0.90838,0.499,1.58681,0.73406,0.8278,0.00054668,0.00054668,0.00054668
369,268.096,1.84196,0.85531,0.81422,0.815,0.89311,0.90838,0.499,1.58681,0.73406,0.8278,0.00054272,0.00054272,0.00054272
370,268.709,1.85705,0.8377,0.81797,0.815,0.89311,0.90838,0.499,1.58681,0.73406,0.8278,0.00053876,0.00053876,0.00053876
371,269.23,1.61029,0.76578,0.82895,0.815,0.89311,0.90838,0.499,1.58681,0.73406,0.8278,0.0005348,0.0005348,0.0005348
372,269.785,1.55906,0.76733,0.81952,0.77889,0.87173,0.88595,0.48211,1.63667,0.75932,0.83264,0.00053084,0.00053084,0.00053084
373,270.314,1.78557,0.83183,0.82133,0.77889,0.87173,0.88595,0.48211,1.63667,0.75932,0.83264,0.00052688,0.00052688,0.00052688
374,271.074,1.77451,0.81738,0.81025,0.77889,0.87173,0.88595,0.48211,1.63667,0.75932,0.83264,0.00052292,0.00052292,0.00052292
375,271.689,1.96929,0.91126,0.83492,0.77889,0.87173,0.88595,0.48211,1.63667,0.75932,0.83264,0.00051896,0.00051896,0.00051896
376,272.257,1.59349,0.76781,0.82215,0.8365,0.87499,0.9068,0.47268,1.67839,0.78966,0.83342,0.000515,0.000515,0.000515
377,272.779,1.81826,0.86286,0.84852,0.8365,0.87499,0.9068,0.47268,1.67839,0.78966,0.83342,0.00051104,0.00051104,0.00051104
378,273.32,1.65716,0.75273,0.8044,0.8365,0.87499,0.9068,0.47268,1.67839,0.78966,0.83342,0.00050708,0.00050708,0.00050708
379,273.903,1.7967,0.84016,0.82759,0.8365,0.87499,0.9068,0.47268,1.67839,0.78966,0.83342,0.00050312,0.00050312,0.00050312
380,274.456,1.78242,0.81453,0.81876,0.84274,0.87411,0.9065,0.45568,1.73065,0.79817,0.8347,0.00049916,0.00049916,0.00049916
381,275.01,1.7682,0.80349,0.82149,0.84274,0.87411,0.9065,0.45568,1.73065,0.79817,0.8347,0.0004952,0.0004952,0.0004952
382,275.642,1.56591,0.77032,0.81902,0.84274,0.87411,0.9065,0.45568,1.73065,0.79817,0.8347,0.00049124,0.00049124,0.00049124
383,276.192,1.72221,0.81042,0.83837,0.84274,0.87411,0.9065,0.45568,1.73065,0.79817,0.8347,0.00048728,0.00048728,0.00048728
384,276.75,1.56085,0.74549,0.81942,0.82474,0.90261,0.91191,0.46333,1.72269,0.77708,0.83387,0.00048332,0.00048332,0.00048332
385,277.296,1.81952,0.81201,0.80267,0.82474,0.90261,0.91191,0.46333,1.72269,0.77708,0.83387,0.00047936,0.00047936,0.00047936
386,277.891,1.69032,0.76002,0.79593,0.82474,0.90261,0.91191,0.46333,1.72269,0.77708,0.83387,0.0004754,0.0004754,0.0004754
387,278.52,1.56462,0.77188,0.83336,0.82474,0.90261,0.91191,0.46333,1.72269,0.77708,0.83387,0.00047144,0.00047144,0.00047144
388,279.291,1.91278,0.86341,0.81082,0.82115,0.90024,0.9133,0.48079,1.65735,0.74979,0.82993,0.00046748,0.00046748,0.00046748
389,279.917,1.88855,0.89861,0.87199,0.82115,0.90024,0.9133,0.48079,1.65735,0.74979,0.82993,0.00046352,0.00046352,0.00046352
390,280.491,1.51723,0.75307,0.79757,0.82115,0.90024,0.9133,0.48079,1.65735,0.74979,0.82993,0.00045956,0.00045956,0.00045956
391,281.031,1.50124,0.73258,0.84094,0.82115,0.90024,0.9133,0.48079,1.65735,0.74979,0.82993,0.0004556,0.0004556,0.0004556
392,281.64,1.65159,0.7731,0.80663,0.81028,0.84561,0.88908,0.45919,1.69191,0.7579,0.83398,0.00045164,0.00045164,0.00045164
393,282.275,1.7444,0.85718,0.87236,0.81028,0.84561,0.88908,0.45919,1.69191,0.7579,0.83398,0.00044768,0.00044768,0.00044768
394,282.822,1.62759,0.74854,0.83157,0.81028,0.84561,0.88908,0.45919,1.69191,0.7579,0.83398,0.00044372,0.00044372,0.00044372
395,283.392,1.70327,0.78937,0.81935,0.81028,0.84561,0.88908,0.45919,1.69191,0.7579,0.83398,0.00043976,0.00043976,0.00043976
396,283.955,1.94697,0.9428,0.82501,0.76947,0.79285,0.84188,0.42315,1.76834,0.78784,0.84096,0.0004358,0.0004358,0.0004358
397,284.707,1.89342,0.83277,0.79128,0.76947,0.79285,0.84188,0.42315,1.76834,0.78784,0.84096,0.00043184,0.00043184,0.00043184
398,285.349,1.84351,0.86258,0.83111,0.76947,0.79285,0.84188,0.42315,1.76834,0.78784,0.84096,0.00042788,0.00042788,0.00042788
399,285.881,1.8908,0.87415,0.82079,0.76947,0.79285,0.84188,0.42315,1.76834,0.78784,0.84096,0.00042392,0.00042392,0.00042392
400,286.468,1.66481,0.75787,0.82155,0.76897,0.79062,0.84318,0.43036,1.75808,0.79014,0.84042,0.00041996,0.00041996,0.00041996
401,287.004,1.50914,0.74076,0.81998,0.76897,0.79062,0.84318,0.43036,1.75808,0.79014,0.84042,0.000416,0.000416,0.000416
402,287.632,1.5556,0.7554,0.83163,0.76897,0.79062,0.84318,0.43036,1.75808,0.79014,0.84042,0.00041204,0.00041204,0.00041204
403,288.187,1.65426,0.77809,0.79431,0.76897,0.79062,0.84318,0.43036,1.75808,0.79014,0.84042,0.00040808,0.00040808,0.00040808
404,288.741,1.74799,0.8243,0.82935,0.83837,0.80048,0.87465,0.44411,1.72451,0.77732,0.838,0.00040412,0.00040412,0.00040412
405,289.255,1.71861,0.83391,0.83681,0.83837,0.80048,0.87465,0.44411,1.72451,0.77732,0.838,0.00040016,0.00040016,0.00040016
406,289.844,1.39575,0.74568,0.84099,0.83837,0.80048,0.87465,0.44411,1.72451,0.77732,0.838,0.0003962,0.0003962,0.0003962
407,290.355,1.59896,0.728,0.82642,0.83837,0.80048,0.87465,0.44411,1.72451,0.77732,0.838,0.00039224,0.00039224,0.00039224
408,290.909,1.53071,0.70725,0.82512,0.85153,0.81235,0.8978,0.4376,1.72953,0.77177,0.83612,0.00038828,0.00038828,0.00038828
409,291.448,1.79531,0.83051,0.81117,0.85153,0.81235,0.8978,0.4376,1.72953,0.77177,0.83612,0.00038432,0.00038432,0.00038432
410,292.013,1.78274,0.81047,0.80945,0.85153,0.81235,0.8978,0.4376,1.72953,0.77177,0.83612,0.00038036,0.00038036,0.00038036
411,292.59,1.71124,0.83332,0.85149,0.85153,0.81235,0.8978,0.4376,1.72953,0.77177,0.83612,0.0003764,0.0003764,0.0003764
412,293.17,1.81135,0.79895,0.8252,0.8008,0.84798,0.8861,0.43764,1.72153,0.76908,0.83474,0.00037244,0.00037244,0.00037244
413,293.738,1.73446,0.81641,0.82,0.8008,0.84798,0.8861,0.43764,1.72153,0.76908,0.83474,0.00036848,0.00036848,0.00036848
414,294.277,1.6441,0.81331,0.85128,0.8008,0.84798,0.8861,0.43764,1.72153,0.76908,0.83474,0.00036452,0.00036452,0.00036452
415,294.91,1.84253,0.87424,0.82738,0.8008,0.84798,0.8861,0.43764,1.72153,0.76908,0.83474,0.00036056,0.00036056,0.00036056
416,295.494,1.52382,0.74784,0.8198,0.8158,0.85212,0.89414,0.45471,1.70071,0.762,0.8325,0.0003566,0.0003566,0.0003566
417,296.026,1.70592,0.773,0.79714,0.8158,0.85212,0.89414,0.45471,1.70071,0.762,0.8325,0.00035264,0.00035264,0.00035264
418,296.578,1.83465,0.93763,0.89811,0.8158,0.85212,0.89414,0.45471,1.70071,0.762,0.8325,0.00034868,0.00034868,0.00034868
419,297.141,1.82579,0.84338,0.81144,0.8158,0.85212,0.89414,0.45471,1.70071,0.762,0.8325,0.00034472,0.00034472,0.00034472
420,297.774,1.78223,0.83723,0.84348,0.80299,0.83135,0.88499,0.45271,1.7105,0.7632,0.833,0.00034076,0.00034076,0.00034076
421,298.307,1.4524,0.67967,0.82437,0.80299,0.83135,0.88499,0.45271,1.7105,0.7632,0.833,0.0003368,0.0003368,0.0003368
422,298.849,1.71752,0.79443,0.8087,0.80299,0.83135,0.88499,0.45271,1.7105,0.7632,0.833,0.00033284,0.00033284,0.00033284
423,299.418,1.85996,0.87799,0.81307,0.80299,0.83135,0.88499,0.45271,1.7105,0.7632,0.833,0.00032888,0.00032888,0.00032888
424,300.066,1.42294,0.74223,0.81866,0.80878,0.85395,0.87741,0.44403,1.74339,0.77621,0.83433,0.00032492,0.00032492,0.00032492
425,300.587,1.48739,0.67896,0.81135,0.80878,0.85395,0.87741,0.44403,1.74339,0.77621,0.83433,0.00032096,0.00032096,0.00032096
426,301.124,1.57654,0.7508,0.83405,0.80878,0.85395,0.87741,0.44403,1.74339,0.77621,0.83433,0.000317,0.000317,0.000317
427,301.696,1.77662,0.81844,0.8459,0.80878,0.85395,0.87741,0.44403,1.74339,0.77621,0.83433,0.00031304,0.00031304,0.00031304
428,302.352,1.57987,0.73065,0.8339,0.79042,0.84209,0.86106,0.43539,1.75767,0.7871,0.83493,0.00030908,0.00030908,0.00030908
429,302.893,1.63349,0.75315,0.79988,0.79042,0.84209,0.86106,0.43539,1.75767,0.7871,0.83493,0.00030512,0.00030512,0.00030512
430,303.447,1.68408,0.753,0.79623,0.79042,0.84209,0.86106,0.43539,1.75767,0.7871,0.83493,0.00030116,0.00030116,0.00030116
431,304.061,1.60658,0.74778,0.80194,0.79042,0.84209,0.86106,0.43539,1.75767,0.7871,0.83493,0.0002972,0.0002972,0.0002972
432,304.672,1.67095,0.79222,0.81634,0.81768,0.8266,0.8634,0.4354,1.75881,0.78497,0.83529,0.00029324,0.00029324,0.00029324
433,305.318,1.55906,0.71234,0.8087,0.81768,0.8266,0.8634,0.4354,1.75881,0.78497,0.83529,0.00028928,0.00028928,0.00028928
434,305.847,1.65586,0.75016,0.81706,0.81768,0.8266,0.8634,0.4354,1.75881,0.78497,0.83529,0.00028532,0.00028532,0.00028532
435,306.389,1.51323,0.69819,0.82449,0.81768,0.8266,0.8634,0.4354,1.75881,0.78497,0.83529,0.00028136,0.00028136,0.00028136
436,307.006,1.74634,0.81799,0.83071,0.83324,0.81894,0.86974,0.43477,1.76734,0.78198,0.83493,0.0002774,0.0002774,0.0002774
437,307.651,1.42382,0.69283,0.80225,0.83324,0.81894,0.86974,0.43477,1.76734,0.78198,0.83493,0.00027344,0.00027344,0.00027344
438,308.168,1.48232,0.69726,0.82611,0.83324,0.81894,0.86974,0.43477,1.76734,0.78198,0.83493,0.00026948,0.00026948,0.00026948
439,308.74,1.61505,0.71969,0.79978,0.83324,0.81894,0.86974,0.43477,1.76734,0.78198,0.83493,0.00026552,0.00026552,0.00026552
440,309.334,1.65137,0.76057,0.79672,0.82441,0.80285,0.86806,0.42152,1.7922,0.78552,0.83705,0.00026156,0.00026156,0.00026156
