epoch,time,train/box_loss,train/cls_loss,train/dfl_loss,metrics/precision(B),metrics/recall(B),metrics/mAP50(B),metrics/mAP50-95(B),val/box_loss,val/cls_loss,val/dfl_loss,lr/pg0,lr/pg1,lr/pg2
1,1.9878,1.92623,3.6898,0.94467,0,0,0,0,1.94801,3.63069,0.89875,0,0,0
2,2.61937,2.41376,3.71037,1.01429,0,0,0,0,1.95652,3.62974,0.90213,1.99604e-05,1.99604e-05,1.99604e-05
3,3.09884,2.23388,3.66817,0.9705,0,0,0,0,1.96606,3.63098,0.90469,3.98416e-05,3.98416e-05,3.98416e-05
4,3.48243,2.8195,3.71913,1.01726,0,0,0,0,1.97224,3.6299,0.9076,5.96436e-05,5.96436e-05,5.96436e-05
5,3.82662,2.25916,3.70927,0.96504,0,0,0,0,1.98225,3.63008,0.91042,7.93664e-05,7.93664e-05,7.93664e-05
6,4.31852,2.32494,3.69621,1.00849,0,0,0,0,1.91173,3.61879,0.88321,9.901e-05,9.901e-05,9.901e-05
7,4.87223,2.39339,3.5729,1.05332,0.00778,0.01659,0.00398,0.0013,1.93336,3.59975,0.86749,0.000118574,0.000118574,0.000118574
8,6.02403,1.91869,3.41714,0.90642,0.04444,0.09479,0.02561,0.00835,1.95694,3.54865,0.86293,0.00013806,0.00013806,0.00013806
9,6.72225,2.40222,3.24446,0.95519,0.08778,0.1872,0.0625,0.021,1.86215,3.50852,0.85289,0.000157466,0.000157466,0.000157466
10,7.3043,2.50213,3.06458,0.95308,0.13111,0.27962,0.10447,0.03568,1.80343,3.46461,0.83945,0.000176792,0.000176792,0.000176792
11,7.98341,2.19311,2.75543,0.89216,0.15444,0.32938,0.12853,0.04539,1.89837,3.41424,0.84011,0.00019604,0.00019604,0.00019604
12,8.64752,2.42998,2.57603,0.91075,0.16556,0.35308,0.13926,0.04634,1.98843,3.37134,0.84334,0.000215208,0.000215208,0.000215208
13,9.20932,2.54387,2.43851,0.9259,0.16556,0.35308,0.13855,0.04602,1.9845,3.36933,0.8438,0.000234298,0.000234298,0.000234298
14,9.62295,2.12038,2.22632,0.87797,0.18,0.38389,0.15164,0.05407,1.92887,3.30639,0.84407,0.000253308,0.000253308,0.000253308
15,10.1426,2.20357,2.02467,0.87977,0.18333,0.391,0.14948,0.05288,1.90395,3.23415,0.84137,0.000272238,0.000272238,0.000272238
16,10.7683,2.28422,1.67938,0.86392,0.17444,0.37204,0.15632,0.05502,1.91681,3.16412,0.83919,0.00029109,0.00029109,0.00029109
17,11.5446,2.37715,1.66443,0.87477,0.15889,0.33886,0.16141,0.05739,2.04208,3.0915,0.84412,0.000309862,0.000309862,0.000309862
18,12.038,2.16403,1.45697,0.86849,0.15889,0.33886,0.16141,0.05739,2.04208,3.0915,0.84412,0.000328556,0.000328556,0.000328556
19,12.5602,2.54664,1.64459,0.86798,0.15889,0.33886,0.17094,0.06721,1.99629,3.00693,0.84183,0.00034717,0.00034717,0.00034717
20,13.206,2.58818,1.59544,0.89495,0.15889,0.33886,0.17094,0.06721,1.99629,3.00693,0.84183,0.000365704,0.000365704,0.000365704
21,13.8081,2.60622,1.62491,0.88785,0.15778,0.33649,0.18922,0.06987,1.90954,2.92277,0.8389,0.00038416,0.00038416,0.00038416
22,14.3875,2.2454,1.41503,0.86381,0.15778,0.33649,0.18922,0.06987,1.90954,2.92277,0.8389,0.000402536,0.000402536,0.000402536
23,14.9578,2.24005,1.42484,0.8527,0.15444,0.32938,0.19512,0.07662,1.82463,2.82675,0.83407,0.000420834,0.000420834,0.000420834
24,15.6934,2.21234,1.31892,0.86412,0.15444,0.32938,0.19512,0.07662,1.82463,2.82675,0.83407,0.000439052,0.000439052,0.000439052
25,16.464,2.17091,1.33698,0.86032,0.16222,0.34597,0.22701,0.10059,1.87996,2.71715,0.8377,0.00045719,0.00045719,0.00045719
26,17.0036,2.2848,1.37256,0.87226,0.16222,0.34597,0.22701,0.10059,1.87996,2.71715,0.8377,0.00047525,0.00047525,0.00047525
27,17.551,2.28599,1.28912,0.89186,0.17556,0.37441,0.23623,0.11377,1.91135,2.63469,0.8424,0.00049323,0.00049323,0.00049323
28,18.0486,2.27253,1.20907,0.91184,0.17556,0.37441,0.23623,0.11377,1.91135,2.63469,0.8424,0.000511132,0.000511132,0.000511132
29,18.9531,2.77747,1.51342,0.9358,0.19333,0.41232,0.21609,0.11024,1.87459,2.58503,0.84147,0.000528954,0.000528954,0.000528954
30,19.5027,2.5243,1.34901,0.88925,0.19333,0.41232,0.21609,0.11024,1.87459,2.58503,0.84147,0.000546696,0.000546696,0.000546696
31,20.0334,2.44046,1.29338,0.88468,0.21333,0.45498,0.25676,0.13453,1.83904,2.4914,0.84163,0.00056436,0.00056436,0.00056436
32,20.9165,2.14358,1.24063,0.86564,0.21333,0.45498,0.25676,0.13453,1.83904,2.4914,0.84163,0.000581944,0.000581944,0.000581944
33,21.5815,2.27318,1.23602,0.8789,0.23,0.49052,0.34962,0.18579,1.79206,2.39178,0.83677,0.00059945,0.00059945,0.00059945
34,22.3316,2.13525,1.16216,0.86916,0.23,0.49052,0.34962,0.18579,1.79206,2.39178,0.83677,0.000616876,0.000616876,0.000616876
35,22.9108,2.14966,1.20935,0.87778,0.29333,0.62559,0.51848,0.25371,1.85938,2.26133,0.84039,0.000634222,0.000634222,0.000634222
36,23.438,2.36742,1.22538,0.88211,0.29333,0.62559,0.51848,0.25371,1.85938,2.26133,0.84039,0.00065149,0.00065149,0.00065149
37,23.9795,2.15529,1.1759,0.85645,0.34444,0.7346,0.64035,0.29029,1.94851,2.16509,0.84901,0.000668678,0.000668678,0.000668678
38,24.6655,2.45138,1.24173,0.85907,0.34444,0.7346,0.64035,0.29029,1.94851,2.16509,0.84901,0.000685788,0.000685788,0.000685788
39,25.2092,2.26266,1.25362,0.90293,0.36889,0.78673,0.70025,0.32137,1.94235,2.09732,0.84997,0.000702818,0.000702818,0.000702818
40,26.2657,2.47328,1.23619,0.84356,0.36889,0.78673,0.70025,0.32137,1.94235,2.09732,0.84997,0.000719768,0.000719768,0.000719768
41,26.8022,2.14032,1.22392,0.85291,0.39,0.83175,0.73335,0.36366,1.83167,2.03609,0.84385,0.00073664,0.00073664,0.00073664
42,27.3189,2.37136,1.29715,0.88842,0.39,0.83175,0.73335,0.36366,1.83167,2.03609,0.84385,0.000753432,0.000753432,0.000753432
43,27.81,2.47556,1.32263,0.89979,0.40778,0.86967,0.75544,0.39275,1.75524,1.97593,0.84082,0.000770146,0.000770146,0.000770146
44,28.2977,2.57108,1.25515,0.89961,0.40778,0.86967,0.75544,0.39275,1.75524,1.97593,0.84082,0.00078678,0.00078678,0.00078678
45,28.896,2.03902,1.24768,0.87476,0.41556,0.88626,0.76104,0.39145,1.76494,1.9201,0.83964,0.000803334,0.000803334,0.000803334
46,29.3289,2.24743,1.18967,0.85846,0.41556,0.88626,0.76104,0.39145,1.76494,1.9201,0.83964,0.00081981,0.00081981,0.00081981
47,29.8455,2.18701,1.14962,0.86691,0.41556,0.88626,0.77087,0.34704,1.91573,1.90463,0.84889,0.000836206,0.000836206,0.000836206
48,30.2726,2.16095,1.18679,0.8699,0.41556,0.88626,0.77087,0.34704,1.91573,1.90463,0.84889,0.000852524,0.000852524,0.000852524
49,30.6997,2.1568,1.16831,0.84336,0.41889,0.89336,0.77431,0.34445,1.88968,1.89042,0.8477,0.000868762,0.000868762,0.000868762
50,31.3152,2.27843,1.19478,0.85234,0.41889,0.89336,0.77431,0.34445,1.88968,1.89042,0.8477,0.00088492,0.00088492,0.00088492
51,31.7833,2.02463,1.12761,0.84464,0.41889,0.89336,0.75403,0.36188,1.79063,1.87863,0.84001,0.000901,0.000901,0.000901
52,32.1706,2.3857,1.22149,0.88241,0.41889,0.89336,0.75403,0.36188,1.79063,1.87863,0.84001,0.000917,0.000917,0.000917
53,32.5875,2.11521,1.07422,0.88645,0.41889,0.89336,0.75403,0.36188,1.79063,1.87863,0.84001,0.000932922,0.000932922,0.000932922
54,33.0336,2.10942,1.11469,0.86193,0.42444,0.90521,0.73342,0.37262,1.70794,1.84647,0.83634,0.000948764,0.000948764,0.000948764
55,33.4448,1.90013,1.0819,0.85557,0.42444,0.90521,0.73342,0.37262,1.70794,1.84647,0.83634,0.000964526,0.000964526,0.000964526
56,33.816,2.04889,1.13203,0.87102,0.42444,0.90521,0.73342,0.37262,1.70794,1.84647,0.83634,0.00098021,0.00098021,0.00098021
57,34.2212,2.02869,1.09431,0.8853,0.42556,0.90758,0.79838,0.35086,1.92465,1.72775,0.84975,0.000995814,0.000995814,0.000995814
58,34.6467,2.20946,1.12985,0.87636,0.42556,0.90758,0.79838,0.35086,1.92465,1.72775,0.84975,0.00101134,0.00101134,0.00101134
59,35.0393,2.14074,1.06923,0.85507,0.42556,0.90758,0.79838,0.35086,1.92465,1.72775,0.84975,0.00102679,0.00102679,0.00102679
60,35.537,1.9359,1.0492,0.85922,0.45091,0.89336,0.78567,0.31359,2.11364,1.65097,0.86333,0.00104215,0.00104215,0.00104215
61,36.017,2.13913,1.20467,0.87556,0.45091,0.89336,0.78567,0.31359,2.11364,1.65097,0.86333,0.00105744,0.00105744,0.00105744
62,36.543,2.43818,1.22084,0.84935,0.45091,0.89336,0.78567,0.31359,2.11364,1.65097,0.86333,0.00107265,0.00107265,0.00107265
63,37.0547,2.41816,1.20676,0.90251,0.42111,0.8981,0.79965,0.33845,1.97977,1.69704,0.85472,0.00108778,0.00108778,0.00108778
64,37.4568,1.77398,1.10638,0.83795,0.42111,0.8981,0.79965,0.33845,1.97977,1.69704,0.85472,0.00110283,0.00110283,0.00110283
65,37.8813,2.2595,1.16677,0.84576,0.42111,0.8981,0.79965,0.33845,1.97977,1.69704,0.85472,0.0011178,0.0011178,0.0011178
66,38.306,1.80047,1.04718,0.84563,0.42889,0.91469,0.81293,0.41271,1.73302,1.7701,0.84006,0.00113269,0.00113269,0.00113269
67,38.8217,1.95641,1.124,0.82914,0.42889,0.91469,0.81293,0.41271,1.73302,1.7701,0.84006,0.0011475,0.0011475,0.0011475
68,39.3151,2.38219,1.14431,0.84087,0.42889,0.91469,0.81293,0.41271,1.73302,1.7701,0.84006,0.00116224,0.00116224,0.00116224
69,39.8082,2.20822,1.20696,0.90585,0.42111,0.8981,0.78358,0.39837,1.69755,1.81882,0.83877,0.00117689,0.00117689,0.00117689
70,40.2029,2.36861,1.24603,0.87879,0.42111,0.8981,0.78358,0.39837,1.69755,1.81882,0.83877,0.00119146,0.00119146,0.00119146
71,40.5647,1.90137,1.04414,0.8654,0.42111,0.8981,0.78358,0.39837,1.69755,1.81882,0.83877,0.00120596,0.00120596,0.00120596
72,40.996,2.07563,1.11694,0.86629,0.41444,0.88389,0.76438,0.37866,1.72003,1.84455,0.84107,0.00122038,0.00122038,0.00122038
73,41.8759,2.23429,1.1765,0.87772,0.41444,0.88389,0.76438,0.37866,1.72003,1.84455,0.84107,0.00123471,0.00123471,0.00123471
74,42.2965,2.15168,1.14498,0.86353,0.41444,0.88389,0.76438,0.37866,1.72003,1.84455,0.84107,0.00124897,0.00124897,0.00124897
75,42.7073,2.10088,1.08656,0.87368,0.41778,0.891,0.77974,0.34773,1.87868,1.79924,0.84899,0.00126315,0.00126315,0.00126315
76,43.1062,1.90776,1.05331,0.85704,0.41778,0.891,0.77974,0.34773,1.87868,1.79924,0.84899,0.00127725,0.00127725,0.00127725
77,43.5557,2.10923,1.14983,0.89574,0.41778,0.891,0.77974,0.34773,1.87868,1.79924,0.84899,0.00129127,0.00129127,0.00129127
78,43.9792,2.2269,1.10429,0.86796,0.41444,0.88389,0.75524,0.31036,1.98167,1.71703,0.85171,0.00130521,0.00130521,0.00130521
79,44.4214,2.23545,1.18289,0.88293,0.41444,0.88389,0.75524,0.31036,1.98167,1.71703,0.85171,0.00131907,0.00131907,0.00131907
80,44.8028,2.06366,1.03228,0.8465,0.41444,0.88389,0.75524,0.31036,1.98167,1.71703,0.85171,0.00133286,0.00133286,0.00133286
81,45.1935,1.71801,0.97878,0.8501,0.59881,0.891,0.74824,0.34106,1.87906,1.55984,0.84446,0.00134656,0.00134656,0.00134656
82,45.5903,2.1938,1.14786,0.86912,0.59881,0.891,0.74824,0.34106,1.87906,1.55984,0.84446,0.00136018,0.00136018,0.00136018
83,46.116,2.17957,1.17413,0.85502,0.59881,0.891,0.74824,0.34106,1.87906,1.55984,0.84446,0.00137373,0.00137373,0.00137373
84,47.0346,2.30022,1.12198,0.8548,0.62293,0.88863,0.78765,0.42165,1.6825,1.5234,0.83787,0.0013872,0.0013872,0.0013872
85,47.629,2.1159,1.13952,0.89952,0.62293,0.88863,0.78765,0.42165,1.6825,1.5234,0.83787,0.00140058,0.00140058,0.00140058
86,48.1957,2.1158,1.04149,0.84457,0.62293,0.88863,0.78765,0.42165,1.6825,1.5234,0.83787,0.00141389,0.00141389,0.00141389
87,48.6843,2.08412,1.09232,0.85512,0.62293,0.88863,0.78765,0.42165,1.6825,1.5234,0.83787,0.00142712,0.00142712,0.00142712
88,49.1808,2.29079,1.1775,0.88018,0.62994,0.87129,0.79047,0.41538,1.69908,1.5468,0.84549,0.00144027,0.00144027,0.00144027
89,49.5999,2.05911,1.05378,0.8652,0.62994,0.87129,0.79047,0.41538,1.69908,1.5468,0.84549,0.00145334,0.00145334,0.00145334
90,50.0181,2.20129,1.10694,0.83343,0.62994,0.87129,0.79047,0.41538,1.69908,1.5468,0.84549,0.00146633,0.00146633,0.00146633
91,50.4409,2.07903,1.09322,0.86059,0.62994,0.87129,0.79047,0.41538,1.69908,1.5468,0.84549,0.00147924,0.00147924,0.00147924
92,50.8592,2.12801,1.06769,0.86839,0.57991,0.85071,0.73864,0.36979,1.79206,1.57892,0.85649,0.00149207,0.00149207,0.00149207
93,51.4942,2.17045,1.141,0.8903,0.57991,0.85071,0.73864,0.36979,1.79206,1.57892,0.85649,0.00150483,0.00150483,0.00150483
94,52.0926,2.22183,1.07461,0.86089,0.57991,0.85071,0.73864,0.36979,1.79206,1.57892,0.85649,0.0015175,0.0015175,0.0015175
95,52.8436,2.02076,1.03565,0.85286,0.57991,0.85071,0.73864,0.36979,1.79206,1.57892,0.85649,0.00153009,0.00153009,0.00153009
96,53.4762,2.39458,1.18108,0.89094,0.5552,0.82227,0.693,0.30734,1.95072,1.62426,0.86331,0.00154261,0.00154261,0.00154261
97,54.1446,1.9237,1.08645,0.89164,0.5552,0.82227,0.693,0.30734,1.95072,1.62426,0.86331,0.00155505,0.00155505,0.00155505
98,54.7721,2.03504,1.04026,0.85412,0.5552,0.82227,0.693,0.30734,1.95072,1.62426,0.86331,0.0015674,0.0015674,0.0015674
99,55.3662,2.08035,1.07785,0.88657,0.5552,0.82227,0.693,0.30734,1.95072,1.62426,0.86331,0.00157968,0.00157968,0.00157968
100,55.8502,2.30672,1.1433,0.84964,0.52947,0.82227,0.67457,0.30725,1.87829,1.58803,0.8544,0.00159188,0.00159188,0.00159188
101,56.3367,2.26651,1.09399,0.86271,0.52947,0.82227,0.67457,0.30725,1.87829,1.58803,0.8544,0.001604,0.001604,0.001604
102,56.9439,2.32852,1.15725,0.83871,0.52947,0.82227,0.67457,0.30725,1.87829,1.58803,0.8544,0.00160004,0.00160004,0.00160004
103,57.6048,2.05667,1.04888,0.83386,0.52947,0.82227,0.67457,0.30725,1.87829,1.58803,0.8544,0.00159608,0.00159608,0.00159608
104,58.0793,1.98487,0.98415,0.83663,0.59186,0.82474,0.72515,0.36907,1.72965,1.48958,0.84175,0.00159212,0.00159212,0.00159212
105,58.4919,2.22121,1.09402,0.85385,0.59186,0.82474,0.72515,0.36907,1.72965,1.48958,0.84175,0.00158816,0.00158816,0.00158816
106,59.0396,1.95078,1.00297,0.82678,0.59186,0.82474,0.72515,0.36907,1.72965,1.48958,0.84175,0.0015842,0.0015842,0.0015842
107,59.4941,1.83369,0.95308,0.85075,0.59186,0.82474,0.72515,0.36907,1.72965,1.48958,0.84175,0.00158024,0.00158024,0.00158024
108,60.0325,2.19739,1.08108,0.85642,0.82806,0.70755,0.82329,0.44361,1.66466,1.31587,0.83196,0.00157628,0.00157628,0.00157628
109,60.594,1.8213,1.03245,0.85247,0.82806,0.70755,0.82329,0.44361,1.66466,1.31587,0.83196,0.00157232,0.00157232,0.00157232
110,61.1377,1.91235,1.00838,0.8453,0.82806,0.70755,0.82329,0.44361,1.66466,1.31587,0.83196,0.00156836,0.00156836,0.00156836
111,61.6856,2.03323,1.03856,0.82384,0.82806,0.70755,0.82329,0.44361,1.66466,1.31587,0.83196,0.0015644,0.0015644,0.0015644
112,62.7364,2.02864,0.93825,0.83804,0.81593,0.79858,0.85207,0.46145,1.64563,1.23706,0.82942,0.00156044,0.00156044,0.00156044
113,63.216,1.83355,1.05811,0.8843,0.81593,0.79858,0.85207,0.46145,1.64563,1.23706,0.82942,0.00155648,0.00155648,0.00155648
114,63.7097,2.04913,1.05749,0.84953,0.81593,0.79858,0.85207,0.46145,1.64563,1.23706,0.82942,0.00155252,0.00155252,0.00155252
115,64.2095,1.95158,0.97538,0.85986,0.81593,0.79858,0.85207,0.46145,1.64563,1.23706,0.82942,0.00154856,0.00154856,0.00154856
116,64.7706,2.21039,1.05287,0.87823,0.79033,0.79496,0.85016,0.45542,1.69282,1.15886,0.83089,0.0015446,0.0015446,0.0015446
117,65.2089,2.11293,1.02444,0.86179,0.79033,0.79496,0.85016,0.45542,1.69282,1.15886,0.83089,0.00154064,0.00154064,0.00154064
118,65.7223,2.26451,1.09942,0.86275,0.79033,0.79496,0.85016,0.45542,1.69282,1.15886,0.83089,0.00153668,0.00153668,0.00153668
119,66.1747,1.85448,0.9774,0.84134,0.79033,0.79496,0.85016,0.45542,1.69282,1.15886,0.83089,0.00153272,0.00153272,0.00153272
120,66.695,1.77751,0.89697,0.85955,0.75433,0.79858,0.86073,0.42485,1.8273,1.09796,0.83944,0.00152876,0.00152876,0.00152876
121,67.2378,1.90887,1.00015,0.84224,0.75433,0.79858,0.86073,0.42485,1.8273,1.09796,0.83944,0.0015248,0.0015248,0.0015248
122,67.9151,1.93077,0.94731,0.85274,0.75433,0.79858,0.86073,0.42485,1.8273,1.09796,0.83944,0.00152084,0.00152084,0.00152084
123,68.3484,2.18504,1.03011,0.83724,0.75433,0.79858,0.86073,0.42485,1.8273,1.09796,0.83944,0.00151688,0.00151688,0.00151688
124,68.8311,2.11338,1.06674,0.87786,0.74255,0.77233,0.85018,0.43212,1.80065,1.09167,0.84575,0.00151292,0.00151292,0.00151292
125,69.3127,2.10295,1.01614,0.8256,0.74255,0.77233,0.85018,0.43212,1.80065,1.09167,0.84575,0.00150896,0.00150896,0.00150896
126,69.7707,2.17407,1.07129,0.83441,0.74255,0.77233,0.85018,0.43212,1.80065,1.09167,0.84575,0.001505,0.001505,0.001505
127,70.2157,2.16189,1.13517,0.90157,0.74255,0.77233,0.85018,0.43212,1.80065,1.09167,0.84575,0.00150104,0.00150104,0.00150104
128,70.7126,2.00601,0.99186,0.85695,0.74839,0.78944,0.86001,0.47438,1.65846,1.04982,0.83292,0.00149708,0.00149708,0.00149708
129,71.4525,1.85217,0.93431,0.83792,0.74839,0.78944,0.86001,0.47438,1.65846,1.04982,0.83292,0.00149312,0.00149312,0.00149312
130,71.9858,1.76284,0.92177,0.85021,0.74839,0.78944,0.86001,0.47438,1.65846,1.04982,0.83292,0.00148916,0.00148916,0.00148916
131,73.1328,2.02474,0.97055,0.83625,0.74839,0.78944,0.86001,0.47438,1.65846,1.04982,0.83292,0.0014852,0.0014852,0.0014852
132,73.7583,1.95855,1.03508,0.84901,0.80354,0.81043,0.88614,0.50342,1.57407,0.98666,0.82755,0.00148124,0.00148124,0.00148124
133,74.3871,1.94884,1.01654,0.87939,0.80354,0.81043,0.88614,0.50342,1.57407,0.98666,0.82755,0.00147728,0.00147728,0.00147728
134,75.0463,1.98206,0.98771,0.83953,0.80354,0.81043,0.88614,0.50342,1.57407,0.98666,0.82755,0.00147332,0.00147332,0.00147332
135,75.7032,1.79473,0.90365,0.82193,0.80354,0.81043,0.88614,0.50342,1.57407,0.98666,0.82755,0.00146936,0.00146936,0.00146936
136,76.3489,2.03973,1.00254,0.81698,0.83893,0.82692,0.90777,0.45131,1.72968,0.97689,0.83906,0.0014654,0.0014654,0.0014654
137,76.777,2.1478,0.99875,0.83032,0.83893,0.82692,0.90777,0.45131,1.72968,0.97689,0.83906,0.00146144,0.00146144,0.00146144
138,77.201,1.97097,0.9818,0.84064,0.83893,0.82692,0.90777,0.45131,1.72968,0.97689,0.83906,0.00145748,0.00145748,0.00145748
139,77.6743,1.9787,0.99004,0.85991,0.83893,0.82692,0.90777,0.45131,1.72968,0.97689,0.83906,0.00145352,0.00145352,0.00145352
140,78.3857,2.19746,1.0866,0.82865,0.86627,0.81991,0.90275,0.47983,1.63046,1.01584,0.83339,0.00144956,0.00144956,0.00144956
141,78.8484,1.97712,0.99452,0.82154,0.86627,0.81991,0.90275,0.47983,1.63046,1.01584,0.83339,0.0014456,0.0014456,0.0014456
142,79.2655,1.7178,0.93162,0.82966,0.86627,0.81991,0.90275,0.47983,1.63046,1.01584,0.83339,0.00144164,0.00144164,0.00144164
143,79.6871,2.01827,0.95327,0.83308,0.86627,0.81991,0.90275,0.47983,1.63046,1.01584,0.83339,0.00143768,0.00143768,0.00143768
144,80.12,1.89039,1.03412,0.843,0.8479,0.80569,0.88114,0.49479,1.6109,1.01897,0.83714,0.00143372,0.00143372,0.00143372
145,80.5325,1.96844,0.97561,0.82517,0.8479,0.80569,0.88114,0.49479,1.6109,1.01897,0.83714,0.00142976,0.00142976,0.00142976
146,81.1696,2.1495,1.08049,0.85028,0.8479,0.80569,0.88114,0.49479,1.6109,1.01897,0.83714,0.0014258,0.0014258,0.0014258
147,81.7078,1.85467,0.94947,0.84227,0.8479,0.80569,0.88114,0.49479,1.6109,1.01897,0.83714,0.00142184,0.00142184,0.00142184
148,82.1577,2.02694,1.01313,0.83119,0.83827,0.78604,0.87242,0.47437,1.66622,0.92247,0.83934,0.00141788,0.00141788,0.00141788
149,82.7563,2.00924,0.997,0.84418,0.83827,0.78604,0.87242,0.47437,1.66622,0.92247,0.83934,0.00141392,0.00141392,0.00141392
150,83.5503,2.15135,1.10515,0.86618,0.83827,0.78604,0.87242,0.47437,1.66622,0.92247,0.83934,0.00140996,0.00140996,0.00140996
151,83.9655,1.89144,0.97025,0.83615,0.83827,0.78604,0.87242,0.47437,1.66622,0.92247,0.83934,0.001406,0.001406,0.001406
152,84.4265,1.92562,0.9664,0.86445,0.82762,0.76226,0.85975,0.43509,1.79359,0.86052,0.84045,0.00140204,0.00140204,0.00140204
153,84.8735,1.83388,0.93927,0.82291,0.82762,0.76226,0.85975,0.43509,1.79359,0.86052,0.84045,0.00139808,0.00139808,0.00139808
154,85.2959,2.06598,1.02318,0.82912,0.82762,0.76226,0.85975,0.43509,1.79359,0.86052,0.84045,0.00139412,0.00139412,0.00139412
155,85.9045,2.04053,1.0633,0.83133,0.82762,0.76226,0.85975,0.43509,1.79359,0.86052,0.84045,0.00139016,0.00139016,0.00139016
156,86.396,2.05771,1.01777,0.86049,0.79726,0.76777,0.86082,0.41809,1.86013,0.86569,0.84328,0.0013862,0.0013862,0.0013862
157,86.983,1.65376,0.89017,0.82646,0.79726,0.76777,0.86082,0.41809,1.86013,0.86569,0.84328,0.00138224,0.00138224,0.00138224
158,87.399,1.96088,1.0093,0.86911,0.79726,0.76777,0.86082,0.41809,1.86013,0.86569,0.84328,0.00137828,0.00137828,0.00137828
159,88.166,1.77604,0.85342,0.84347,0.79726,0.76777,0.86082,0.41809,1.86013,0.86569,0.84328,0.00137432,0.00137432,0.00137432
160,88.7994,2.01334,0.94354,0.83984,0.79291,0.78436,0.86595,0.43578,1.81757,0.87589,0.84508,0.00137036,0.00137036,0.00137036
161,89.3849,2.2546,1.0479,0.84086,0.79291,0.78436,0.86595,0.43578,1.81757,0.87589,0.84508,0.0013664,0.0013664,0.0013664
162,89.8254,1.85326,0.93644,0.8235,0.79291,0.78436,0.86595,0.43578,1.81757,0.87589,0.84508,0.00136244,0.00136244,0.00136244
163,90.3356,2.09533,1.03772,0.83805,0.79291,0.78436,0.86595,0.43578,1.81757,0.87589,0.84508,0.00135848,0.00135848,0.00135848
164,90.8016,1.90065,0.995,0.84198,0.77427,0.78841,0.8574,0.45926,1.71201,0.85355,0.84212,0.00135452,0.00135452,0.00135452
165,91.2225,1.76514,0.89582,0.86903,0.77427,0.78841,0.8574,0.45926,1.71201,0.85355,0.84212,0.00135056,0.00135056,0.00135056
166,91.6855,1.88577,0.89584,0.83721,0.77427,0.78841,0.8574,0.45926,1.71201,0.85355,0.84212,0.0013466,0.0013466,0.0013466
167,92.128,1.99335,0.93681,0.83594,0.77427,0.78841,0.8574,0.45926,1.71201,0.85355,0.84212,0.00134264,0.00134264,0.00134264
168,92.5509,1.95194,0.91066,0.83234,0.80205,0.7891,0.86666,0.48594,1.65828,0.83205,0.83651,0.00133868,0.00133868,0.00133868
169,93.3058,2.01079,0.98462,0.86764,0.80205,0.7891,0.86666,0.48594,1.65828,0.83205,0.83651,0.00133472,0.00133472,0.00133472
170,93.9387,1.84535,0.87672,0.83689,0.80205,0.7891,0.86666,0.48594,1.65828,0.83205,0.83651,0.00133076,0.00133076,0.00133076
171,94.6113,2.3124,1.06617,0.82847,0.80205,0.7891,0.86666,0.48594,1.65828,0.83205,0.83651,0.0013268,0.0013268,0.0013268
172,95.0515,1.96825,0.98728,0.87366,0.79395,0.79858,0.87313,0.49832,1.60387,0.81621,0.83041,0.00132284,0.00132284,0.00132284
173,95.4745,1.94044,0.94795,0.83796,0.79395,0.79858,0.87313,0.49832,1.60387,0.81621,0.83041,0.00131888,0.00131888,0.00131888
174,95.9324,2.03843,0.96226,0.87603,0.79395,0.79858,0.87313,0.49832,1.60387,0.81621,0.83041,0.00131492,0.00131492,0.00131492
175,96.3585,1.73671,0.8797,0.85099,0.79395,0.79858,0.87313,0.49832,1.60387,0.81621,0.83041,0.00131096,0.00131096,0.00131096
176,96.8778,1.76276,0.87397,0.80305,0.81357,0.79621,0.88578,0.49092,1.62935,0.80879,0.82884,0.001307,0.001307,0.001307
177,97.3781,1.978,0.9573,0.84209,0.81357,0.79621,0.88578,0.49092,1.62935,0.80879,0.82884,0.00130304,0.00130304,0.00130304
178,97.7995,1.71187,0.89456,0.84076,0.81357,0.79621,0.88578,0.49092,1.62935,0.80879,0.82884,0.00129908,0.00129908,0.00129908
179,98.5519,1.67855,0.81302,0.81815,0.81357,0.79621,0.88578,0.49092,1.62935,0.80879,0.82884,0.00129512,0.00129512,0.00129512
180,99.0653,1.95383,0.88085,0.81545,0.78345,0.84017,0.90001,0.46996,1.69212,0.82099,0.83289,0.00129116,0.00129116,0.00129116
181,99.5232,2.0885,0.96938,0.84652,0.78345,0.84017,0.90001,0.46996,1.69212,0.82099,0.83289,0.0012872,0.0012872,0.0012872
182,100.042,1.66655,0.8408,0.84006,0.78345,0.84017,0.90001,0.46996,1.69212,0.82099,0.83289,0.00128324,0.00128324,0.00128324
183,100.633,1.8607,0.92446,0.83005,0.78345,0.84017,0.90001,0.46996,1.69212,0.82099,0.83289,0.00127928,0.00127928,0.00127928
184,101.272,1.96703,0.93581,0.82494,0.79353,0.8652,0.91269,0.47689,1.65698,0.80232,0.83197,0.00127532,0.00127532,0.00127532
185,101.892,1.89189,0.91617,0.82107,0.79353,0.8652,0.91269,0.47689,1.65698,0.80232,0.83197,0.00127136,0.00127136,0.00127136
186,102.439,2.02922,0.9859,0.81471,0.79353,0.8652,0.91269,0.47689,1.65698,0.80232,0.83197,0.0012674,0.0012674,0.0012674
187,102.881,1.80697,0.89607,0.8406,0.79353,0.8652,0.91269,0.47689,1.65698,0.80232,0.83197,0.00126344,0.00126344,0.00126344
188,103.427,1.68615,0.93611,0.85975,0.81936,0.86967,0.91792,0.50381,1.58596,0.7859,0.82933,0.00125948,0.00125948,0.00125948
189,104.135,1.8163,0.87948,0.83329,0.81936,0.86967,0.91792,0.50381,1.58596,0.7859,0.82933,0.00125552,0.00125552,0.00125552
190,104.888,2.02812,1.00995,0.82712,0.81936,0.86967,0.91792,0.50381,1.58596,0.7859,0.82933,0.00125156,0.00125156,0.00125156
191,105.407,1.92845,0.92234,0.81383,0.81936,0.86967,0.91792,0.50381,1.58596,0.7859,0.82933,0.0012476,0.0012476,0.0012476
192,105.931,1.72339,0.84364,0.82169,0.83311,0.85171,0.90957,0.51661,1.54524,0.82492,0.82971,0.00124364,0.00124364,0.00124364
193,106.53,1.9519,0.94192,0.85346,0.83311,0.85171,0.90957,0.51661,1.54524,0.82492,0.82971,0.00123968,0.00123968,0.00123968
194,107.206,1.91851,0.91936,0.84186,0.83311,0.85171,0.90957,0.51661,1.54524,0.82492,0.82971,0.00123572,0.00123572,0.00123572
195,107.691,1.75355,0.89868,0.83458,0.83311,0.85171,0.90957,0.51661,1.54524,0.82492,0.82971,0.00123176,0.00123176,0.00123176
196,108.245,1.83859,0.88534,0.81004,0.84836,0.84845,0.90695,0.51832,1.53341,0.82958,0.82928,0.0012278,0.0012278,0.0012278
197,109.306,2.04359,1.03168,0.86378,0.84836,0.84845,0.90695,0.51832,1.53341,0.82958,0.82928,0.00122384,0.00122384,0.00122384
198,110.056,1.74379,0.90659,0.87494,0.84836,0.84845,0.90695,0.51832,1.53341,0.82958,0.82928,0.00121988,0.00121988,0.00121988
199,110.722,1.91903,0.87694,0.80891,0.84836,0.84845,0.90695,0.51832,1.53341,0.82958,0.82928,0.00121592,0.00121592,0.00121592
200,111.493,2.16036,1.05377,0.86159,0.83456,0.83676,0.90742,0.50293,1.5677,0.794,0.82831,0.00121196,0.00121196,0.00121196
201,112.063,1.88799,0.89313,0.82659,0.83456,0.83676,0.90742,0.50293,1.5677,0.794,0.82831,0.001208,0.001208,0.001208
202,112.596,1.76358,0.90237,0.84417,0.83456,0.83676,0.90742,0.50293,1.5677,0.794,0.82831,0.00120404,0.00120404,0.00120404
203,113.121,2.09024,1.01937,0.87974,0.83456,0.83676,0.90742,0.50293,1.5677,0.794,0.82831,0.00120008,0.00120008,0.00120008
204,113.876,2.13079,1.00779,0.84715,0.80779,0.83886,0.90141,0.47871,1.62748,0.79383,0.83002,0.00119612,0.00119612,0.00119612
205,114.299,1.76204,0.87711,0.84743,0.80779,0.83886,0.90141,0.47871,1.62748,0.79383,0.83002,0.00119216,0.00119216,0.00119216
206,114.776,1.56027,0.82493,0.8594,0.80779,0.83886,0.90141,0.47871,1.62748,0.79383,0.83002,0.0011882,0.0011882,0.0011882
207,115.242,1.67919,0.86462,0.82887,0.80779,0.83886,0.90141,0.47871,1.62748,0.79383,0.83002,0.00118424,0.00118424,0.00118424
208,115.82,1.74053,0.9126,0.83642,0.78517,0.81517,0.88099,0.48584,1.61446,0.82154,0.82753,0.00118028,0.00118028,0.00118028
209,116.371,1.77552,0.873,0.81122,0.78517,0.81517,0.88099,0.48584,1.61446,0.82154,0.82753,0.00117632,0.00117632,0.00117632
210,117.003,1.82816,0.89365,0.82017,0.78517,0.81517,0.88099,0.48584,1.61446,0.82154,0.82753,0.00117236,0.00117236,0.00117236
211,117.568,1.96264,0.95224,0.82741,0.78517,0.81517,0.88099,0.48584,1.61446,0.82154,0.82753,0.0011684,0.0011684,0.0011684
212,118.116,1.94125,0.95699,0.82809,0.82105,0.80095,0.88689,0.51046,1.5422,0.80825,0.82273,0.00116444,0.00116444,0.00116444
213,118.665,2.08743,0.99041,0.87712,0.82105,0.80095,0.88689,0.51046,1.5422,0.80825,0.82273,0.00116048,0.00116048,0.00116048
214,119.186,2.06637,0.99823,0.8558,0.82105,0.80095,0.88689,0.51046,1.5422,0.80825,0.82273,0.00115652,0.00115652,0.00115652
215,119.765,1.99501,0.94054,0.83905,0.82105,0.80095,0.88689,0.51046,1.5422,0.80825,0.82273,0.00115256,0.00115256,0.00115256
216,120.331,2.17873,1.05951,0.8064,0.84101,0.78199,0.88632,0.52135,1.53819,0.76306,0.82463,0.0011486,0.0011486,0.0011486
217,120.887,1.57245,0.79541,0.8429,0.84101,0.78199,0.88632,0.52135,1.53819,0.76306,0.82463,0.00114464,0.00114464,0.00114464
218,121.572,1.88435,0.85455,0.83136,0.84101,0.78199,0.88632,0.52135,1.53819,0.76306,0.82463,0.00114068,0.00114068,0.00114068
219,122.33,1.68718,0.85613,0.84265,0.84101,0.78199,0.88632,0.52135,1.53819,0.76306,0.82463,0.00113672,0.00113672,0.00113672
220,123.047,1.67838,0.83213,0.81534,0.80786,0.8668,0.90862,0.52575,1.51277,0.73061,0.82328,0.00113276,0.00113276,0.00113276
221,123.75,1.85383,0.89298,0.8057,0.80786,0.8668,0.90862,0.52575,1.51277,0.73061,0.82328,0.0011288,0.0011288,0.0011288
222,124.463,2.2928,1.08647,0.83545,0.80786,0.8668,0.90862,0.52575,1.51277,0.73061,0.82328,0.00112484,0.00112484,0.00112484
223,125.125,1.85377,0.9375,0.83302,0.80786,0.8668,0.90862,0.52575,1.51277,0.73061,0.82328,0.00112088,0.00112088,0.00112088
224,125.823,1.92638,0.90639,0.80081,0.84284,0.8673,0.92486,0.5221,1.51252,0.73037,0.82372,0.00111692,0.00111692,0.00111692
225,126.38,1.96661,0.93019,0.83392,0.84284,0.8673,0.92486,0.5221,1.51252,0.73037,0.82372,0.00111296,0.00111296,0.00111296
226,126.881,1.8576,0.97522,0.88885,0.84284,0.8673,0.92486,0.5221,1.51252,0.73037,0.82372,0.001109,0.001109,0.001109
227,127.483,1.74836,0.81426,0.82572,0.84284,0.8673,0.92486,0.5221,1.51252,0.73037,0.82372,0.00110504,0.00110504,0.00110504
228,128.185,1.70297,0.87377,0.82349,0.83128,0.87565,0.9212,0.53622,1.49299,0.71784,0.82178,0.00110108,0.00110108,0.00110108
229,128.797,1.89817,0.90459,0.82038,0.83128,0.87565,0.9212,0.53622,1.49299,0.71784,0.82178,0.00109712,0.00109712,0.00109712
230,129.587,2.08879,0.99175,0.8028,0.83128,0.87565,0.9212,0.53622,1.49299,0.71784,0.82178,0.00109316,0.00109316,0.00109316
231,130.206,1.94839,0.98523,0.86981,0.83128,0.87565,0.9212,0.53622,1.49299,0.71784,0.82178,0.0010892,0.0010892,0.0010892
232,130.869,1.82991,0.87904,0.82744,0.82308,0.88152,0.92083,0.55311,1.46031,0.7274,0.81961,0.00108524,0.00108524,0.00108524
233,131.674,1.68143,0.81287,0.8207,0.82308,0.88152,0.92083,0.55311,1.46031,0.7274,0.81961,0.00108128,0.00108128,0.00108128
234,132.479,1.85153,0.91782,0.83351,0.82308,0.88152,0.92083,0.55311,1.46031,0.7274,0.81961,0.00107732,0.00107732,0.00107732
235,133.104,1.91043,0.91853,0.83421,0.82308,0.88152,0.92083,0.55311,1.46031,0.7274,0.81961,0.00107336,0.00107336,0.00107336
236,133.806,1.83077,0.87707,0.83263,0.81874,0.86698,0.90897,0.53741,1.47636,0.74961,0.82146,0.0010694,0.0010694,0.0010694
237,134.329,1.68925,0.92392,0.8266,0.81874,0.86698,0.90897,0.53741,1.47636,0.74961,0.82146,0.00106544,0.00106544,0.00106544
238,134.968,1.93561,0.9169,0.81381,0.81874,0.86698,0.90897,0.53741,1.47636,0.74961,0.82146,0.00106148,0.00106148,0.00106148
239,135.421,1.83007,0.88516,0.82094,0.81874,0.86698,0.90897,0.53741,1.47636,0.74961,0.82146,0.00105752,0.00105752,0.00105752
240,135.867,1.71105,0.8491,0.84163,0.76515,0.88784,0.89651,0.50574,1.54869,0.77098,0.82755,0.00105356,0.00105356,0.00105356
241,136.282,1.86249,0.86811,0.82609,0.76515,0.88784,0.89651,0.50574,1.54869,0.77098,0.82755,0.0010496,0.0010496,0.0010496
242,136.772,1.96686,0.9679,0.84584,0.76515,0.88784,0.89651,0.50574,1.54869,0.77098,0.82755,0.00104564,0.00104564,0.00104564
243,137.277,1.82582,0.85824,0.82879,0.76515,0.88784,0.89651,0.50574,1.54869,0.77098,0.82755,0.00104168,0.00104168,0.00104168
244,137.986,1.7563,0.85141,0.81108,0.77309,0.83158,0.87734,0.48861,1.61024,0.77546,0.8326,0.00103772,0.00103772,0.00103772
245,138.472,1.96939,0.91104,0.84131,0.77309,0.83158,0.87734,0.48861,1.61024,0.77546,0.8326,0.00103376,0.00103376,0.00103376
246,138.962,1.96688,0.91521,0.82852,0.77309,0.83158,0.87734,0.48861,1.61024,0.77546,0.8326,0.0010298,0.0010298,0.0010298
247,139.453,1.5238,0.7978,0.80528,0.77309,0.83158,0.87734,0.48861,1.61024,0.77546,0.8326,0.00102584,0.00102584,0.00102584
248,140.015,1.73654,0.82128,0.80597,0.77834,0.83208,0.87727,0.48035,1.61706,0.76808,0.83295,0.00102188,0.00102188,0.00102188
249,140.619,1.6685,0.8124,0.8211,0.77834,0.83208,0.87727,0.48035,1.61706,0.76808,0.83295,0.00101792,0.00101792,0.00101792
250,141.155,1.74628,0.82217,0.82058,0.77834,0.83208,0.87727,0.48035,1.61706,0.76808,0.83295,0.00101396,0.00101396,0.00101396
251,141.7,1.693,0.81133,0.81482,0.77834,0.83208,0.87727,0.48035,1.61706,0.76808,0.83295,0.00101,0.00101,0.00101
252,142.284,1.91942,0.894,0.83275,0.80059,0.80332,0.88083,0.47239,1.65779,0.76705,0.83504,0.00100604,0.00100604,0.00100604
253,142.826,1.72365,0.91492,0.87163,0.80059,0.80332,0.88083,0.47239,1.65779,0.76705,0.83504,0.00100208,0.00100208,0.00100208
254,143.462,1.84489,0.88446,0.81408,0.80059,0.80332,0.88083,0.47239,1.65779,0.76705,0.83504,0.00099812,0.00099812,0.00099812
255,144.126,1.80285,0.90822,0.81703,0.80059,0.80332,0.88083,0.47239,1.65779,0.76705,0.83504,0.00099416,0.00099416,0.00099416
256,144.738,1.94695,0.94815,0.81797,0.7943,0.79607,0.86433,0.4778,1.65508,0.7812,0.83813,0.0009902,0.0009902,0.0009902
257,145.207,1.73879,0.87035,0.8404,0.7943,0.79607,0.86433,0.4778,1.65508,0.7812,0.83813,0.00098624,0.00098624,0.00098624
258,145.679,1.81513,0.90149,0.82658,0.7943,0.79607,0.86433,0.4778,1.65508,0.7812,0.83813,0.00098228,0.00098228,0.00098228
259,146.163,1.70529,0.83487,0.82007,0.7943,0.79607,0.86433,0.4778,1.65508,0.7812,0.83813,0.00097832,0.00097832,0.00097832
260,146.613,1.95061,0.94013,0.84058,0.81262,0.80806,0.85996,0.47693,1.64716,0.78767,0.83906,0.00097436,0.00097436,0.00097436
261,147.095,1.77392,0.8455,0.84206,0.81262,0.80806,0.85996,0.47693,1.64716,0.78767,0.83906,0.0009704,0.0009704,0.0009704
262,147.513,1.89741,0.9351,0.83288,0.81262,0.80806,0.85996,0.47693,1.64716,0.78767,0.83906,0.00096644,0.00096644,0.00096644
263,147.943,1.56239,0.75024,0.83277,0.81262,0.80806,0.85996,0.47693,1.64716,0.78767,0.83906,0.00096248,0.00096248,0.00096248
264,148.394,1.7364,0.83956,0.81418,0.80248,0.77488,0.85028,0.45915,1.68049,0.79495,0.83994,0.00095852,0.00095852,0.00095852
265,148.874,1.75955,0.83677,0.8353,0.80248,0.77488,0.85028,0.45915,1.68049,0.79495,0.83994,0.00095456,0.00095456,0.00095456
266,149.414,1.54754,0.7637,0.8121,0.80248,0.77488,0.85028,0.45915,1.68049,0.79495,0.83994,0.0009506,0.0009506,0.0009506
267,150.085,1.8175,0.85794,0.82391,0.80248,0.77488,0.85028,0.45915,1.68049,0.79495,0.83994,0.00094664,0.00094664,0.00094664
268,150.645,2.04382,0.91515,0.78624,0.81345,0.79147,0.86479,0.46263,1.68532,0.79016,0.84042,0.00094268,0.00094268,0.00094268
269,151.072,1.70652,0.80448,0.81691,0.81345,0.79147,0.86479,0.46263,1.68532,0.79016,0.84042,0.00093872,0.00093872,0.00093872
270,151.576,1.99118,0.99842,0.81704,0.81345,0.79147,0.86479,0.46263,1.68532,0.79016,0.84042,0.00093476,0.00093476,0.00093476
271,152.007,2.0891,0.97963,0.86586,0.81345,0.79147,0.86479,0.46263,1.68532,0.79016,0.84042,0.0009308,0.0009308,0.0009308
272,152.508,1.86572,0.90249,0.81846,0.81832,0.74408,0.85615,0.4512,1.72177,0.80509,0.84125,0.00092684,0.00092684,0.00092684
273,153.084,1.89796,0.92741,0.82232,0.81832,0.74408,0.85615,0.4512,1.72177,0.80509,0.84125,0.00092288,0.00092288,0.00092288
274,153.555,1.77997,0.83647,0.82631,0.81832,0.74408,0.85615,0.4512,1.72177,0.80509,0.84125,0.00091892,0.00091892,0.00091892
275,154.076,1.86518,0.87277,0.81967,0.81832,0.74408,0.85615,0.4512,1.72177,0.80509,0.84125,0.00091496,0.00091496,0.00091496
276,154.591,1.97722,0.90404,0.82953,0.77599,0.77251,0.85935,0.4467,1.72148,0.81563,0.84113,0.000911,0.000911,0.000911
277,155.28,1.77515,0.84076,0.82299,0.77599,0.77251,0.85935,0.4467,1.72148,0.81563,0.84113,0.00090704,0.00090704,0.00090704
278,155.796,2.05332,0.93779,0.80416,0.77599,0.77251,0.85935,0.4467,1.72148,0.81563,0.84113,0.00090308,0.00090308,0.00090308
279,156.247,1.51134,0.77157,0.84164,0.77599,0.77251,0.85935,0.4467,1.72148,0.81563,0.84113,0.00089912,0.00089912,0.00089912
280,156.715,2.04361,0.92781,0.78941,0.79763,0.76586,0.86248,0.44231,1.74187,0.80994,0.84399,0.00089516,0.00089516,0.00089516
281,157.144,1.84584,0.86737,0.79445,0.79763,0.76586,0.86248,0.44231,1.74187,0.80994,0.84399,0.0008912,0.0008912,0.0008912
282,157.84,1.86505,0.97104,0.83388,0.79763,0.76586,0.86248,0.44231,1.74187,0.80994,0.84399,0.00088724,0.00088724,0.00088724
283,158.413,1.99594,0.95047,0.84008,0.79763,0.76586,0.86248,0.44231,1.74187,0.80994,0.84399,0.00088328,0.00088328,0.00088328
284,158.967,1.83063,0.90114,0.81924,0.76545,0.81991,0.86059,0.43613,1.76233,0.81563,0.8456,0.00087932,0.00087932,0.00087932
285,159.399,1.70168,0.81102,0.83623,0.76545,0.81991,0.86059,0.43613,1.76233,0.81563,0.8456,0.00087536,0.00087536,0.00087536
286,159.847,1.7008,0.83107,0.80398,0.76545,0.81991,0.86059,0.43613,1.76233,0.81563,0.8456,0.0008714,0.0008714,0.0008714
287,160.524,1.79215,0.90093,0.81861,0.76545,0.81991,0.86059,0.43613,1.76233,0.81563,0.8456,0.00086744,0.00086744,0.00086744
288,160.997,1.62899,0.83209,0.83304,0.79923,0.82464,0.87361,0.44618,1.73544,0.82265,0.84289,0.00086348,0.00086348,0.00086348
289,161.622,1.69908,0.81703,0.80856,0.79923,0.82464,0.87361,0.44618,1.73544,0.82265,0.84289,0.00085952,0.00085952,0.00085952
290,162.103,1.78453,0.86909,0.82376,0.79923,0.82464,0.87361,0.44618,1.73544,0.82265,0.84289,0.00085556,0.00085556,0.00085556
291,162.549,1.71334,0.82613,0.81372,0.79923,0.82464,0.87361,0.44618,1.73544,0.82265,0.84289,0.0008516,0.0008516,0.0008516
292,163.057,1.87794,0.91598,0.86351,0.80947,0.84123,0.88895,0.4568,1.69052,0.80667,0.83702,0.00084764,0.00084764,0.00084764
293,163.535,1.82122,0.89374,0.82755,0.80947,0.84123,0.88895,0.4568,1.69052,0.80667,0.83702,0.00084368,0.00084368,0.00084368
294,163.994,1.92986,0.93595,0.83914,0.80947,0.84123,0.88895,0.4568,1.69052,0.80667,0.83702,0.00083972,0.00083972,0.00083972
295,164.543,1.70094,0.8388,0.82135,0.80947,0.84123,0.88895,0.4568,1.69052,0.80667,0.83702,0.00083576,0.00083576,0.00083576
296,164.995,1.45863,0.73693,0.80608,0.82366,0.82227,0.88418,0.46505,1.67003,0.7859,0.83461,0.0008318,0.0008318,0.0008318
297,165.716,1.71983,0.81772,0.81156,0.82366,0.82227,0.88418,0.46505,1.67003,0.7859,0.83461,0.00082784,0.00082784,0.00082784
298,166.227,1.80835,0.83338,0.80318,0.82366,0.82227,0.88418,0.46505,1.67003,0.7859,0.83461,0.00082388,0.00082388,0.00082388
299,166.789,1.7882,0.89226,0.81956,0.82366,0.82227,0.88418,0.46505,1.67003,0.7859,0.83461,0.00081992,0.00081992,0.00081992
300,167.445,1.47949,0.72642,0.8015,0.7958,0.84123,0.88423,0.46728,1.66979,0.76546,0.8349,0.00081596,0.00081596,0.00081596
301,167.982,1.87491,0.88804,0.81199,0.7958,0.84123,0.88423,0.46728,1.66979,0.76546,0.8349,0.000812,0.000812,0.000812
302,168.723,1.75504,0.89796,0.83639,0.7958,0.84123,0.88423,0.46728,1.66979,0.76546,0.8349,0.00080804,0.00080804,0.00080804
303,169.258,1.51027,0.80376,0.8263,0.7958,0.84123,0.88423,0.46728,1.66979,0.76546,0.8349,0.00080408,0.00080408,0.00080408
304,169.785,1.70825,0.82059,0.81321,0.84576,0.81862,0.89162,0.47966,1.64638,0.74357,0.83259,0.00080012,0.00080012,0.00080012
305,170.218,1.82656,0.90088,0.82464,0.84576,0.81862,0.89162,0.47966,1.64638,0.74357,0.83259,0.00079616,0.00079616,0.00079616
306,170.79,1.65899,0.79673,0.81777,0.84576,0.81862,0.89162,0.47966,1.64638,0.74357,0.83259,0.0007922,0.0007922,0.0007922
307,171.296,1.58944,0.79452,0.8219,0.84576,0.81862,0.89162,0.47966,1.64638,0.74357,0.83259,0.00078824,0.00078824,0.00078824
308,171.807,1.9625,0.90009,0.8164,0.80983,0.83754,0.89605,0.49147,1.63201,0.75942,0.83254,0.00078428,0.00078428,0.00078428
309,172.503,1.87558,0.89257,0.81867,0.80983,0.83754,0.89605,0.49147,1.63201,0.75942,0.83254,0.00078032,0.00078032,0.00078032
310,173.192,2.02225,0.95984,0.81985,0.80983,0.83754,0.89605,0.49147,1.63201,0.75942,0.83254,0.00077636,0.00077636,0.00077636
311,173.727,1.64606,0.79388,0.82414,0.80983,0.83754,0.89605,0.49147,1.63201,0.75942,0.83254,0.0007724,0.0007724,0.0007724
312,174.327,1.4799,0.77249,0.83209,0.81378,0.86986,0.90791,0.49294,1.63819,0.74158,0.83465,0.00076844,0.00076844,0.00076844
313,175.035,1.59795,0.80314,0.81626,0.81378,0.86986,0.90791,0.49294,1.63819,0.74158,0.83465,0.00076448,0.00076448,0.00076448
314,175.847,1.77808,0.84871,0.84236,0.81378,0.86986,0.90791,0.49294,1.63819,0.74158,0.83465,0.00076052,0.00076052,0.00076052
315,176.438,1.71935,0.86476,0.82074,0.81378,0.86986,0.90791,0.49294,1.63819,0.74158,0.83465,0.00075656,0.00075656,0.00075656
316,176.963,1.51492,0.7521,0.82682,0.82694,0.86057,0.91167,0.48087,1.66538,0.74313,0.83574,0.0007526,0.0007526,0.0007526
317,177.775,1.78062,0.90017,0.82517,0.82694,0.86057,0.91167,0.48087,1.66538,0.74313,0.83574,0.00074864,0.00074864,0.00074864
318,178.553,1.77392,0.83823,0.82054,0.82694,0.86057,0.91167,0.48087,1.66538,0.74313,0.83574,0.00074468,0.00074468,0.00074468
319,179.145,1.88224,0.90639,0.86327,0.82694,0.86057,0.91167,0.48087,1.66538,0.74313,0.83574,0.00074072,0.00074072,0.00074072
320,179.705,1.63646,0.79777,0.81473,0.87934,0.82938,0.91337,0.46472,1.68986,0.75053,0.83452,0.00073676,0.00073676,0.00073676
321,180.382,1.56753,0.77927,0.8503,0.87934,0.82938,0.91337,0.46472,1.68986,0.75053,0.83452,0.0007328,0.0007328,0.0007328
322,181.27,1.67863,0.80836,0.85005,0.87934,0.82938,0.91337,0.46472,1.68986,0.75053,0.83452,0.00072884,0.00072884,0.00072884
323,181.797,1.83511,0.91976,0.85107,0.87934,0.82938,0.91337,0.46472,1.68986,0.75053,0.83452,0.00072488,0.00072488,0.00072488
324,182.426,1.69154,0.80082,0.80899,0.83759,0.831,0.89177,0.42917,1.79139,0.78771,0.84152,0.00072092,0.00072092,0.00072092
325,183.124,1.87705,0.81776,0.80364,0.83759,0.831,0.89177,0.42917,1.79139,0.78771,0.84152,0.00071696,0.00071696,0.00071696
326,183.764,2.04708,0.91754,0.81022,0.83759,0.831,0.89177,0.42917,1.79139,0.78771,0.84152,0.000713,0.000713,0.000713
327,184.407,1.88372,0.81729,0.80488,0.83759,0.831,0.89177,0.42917,1.79139,0.78771,0.84152,0.00070904,0.00070904,0.00070904
328,184.947,2.01594,0.92571,0.81644,0.81595,0.82227,0.87673,0.41221,1.86273,0.82165,0.84679,0.00070508,0.00070508,0.00070508
329,185.369,1.94159,0.89192,0.81962,0.81595,0.82227,0.87673,0.41221,1.86273,0.82165,0.84679,0.00070112,0.00070112,0.00070112
330,185.79,1.88639,0.87783,0.82506,0.81595,0.82227,0.87673,0.41221,1.86273,0.82165,0.84679,0.00069716,0.00069716,0.00069716
331,186.456,1.81922,0.85706,0.80778,0.81595,0.82227,0.87673,0.41221,1.86273,0.82165,0.84679,0.0006932,0.0006932,0.0006932
332,187.064,1.99293,0.88402,0.8054,0.79345,0.80569,0.85552,0.41304,1.83263,0.82569,0.84405,0.00068924,0.00068924,0.00068924
